Ratio1,Ratio2,Ratio3,Ratio4,Ratio5,Ratio6,Ratio7,budo_indx
0.04,-0.119412835,0.72,0.21,0.27,0.15,16.64857013,0
0.12,-0.14640112,0.67,0.09,0.31,0.15,18.61252852,0
0.12,-0.14602801,0.36,0.14,1.1,0.39,15.92987851,0
0.49,-0.148568711,0.53,0.08,0.37,-0.21,17.69444761,0
0.03,-0.15503595,0.83,0.14,0.07,0.06,16.51607622,0
0.05,-0.113052199,0.61,0.35,0.25,0.27,16.37566219,0
0.05,-0.038199239,0.68,0.29,0.84,0.3,16.72702723,0
0.21,-0.143984789,0.53,0.18,0.63,0.32,17.15610729,0
0.14,-0.143025364,0.43,0.36,0.22,0.27,19.30622614,0
0.1,-0.112714623,0.91,0.04,0.48,-0.07,16.32466956,0
0.13,0.018815513,0.67,0.43,0.28,0.25,16.53737379,0
0.11,-0.137464249,0.42,0.12,0.5,0.35,16.20040385,0
0.15,-0.153685648,0.78,0,0.17,0.15,17.62494192,0
0.1,-0.094272332,0.4,0.19,0.28,0.44,16.88819447,0
0.05,-0.142687788,0.77,0.1,0.54,-0.07,16.24225856,0
0.12,-0.136877933,0.48,0.09,0.42,0.19,16.03302675,0
0.17,-0.143291871,0.55,0.13,0.44,0.04,18.53750383,0
0.08,-0.147946861,0.88,0.15,1.23,-0.02,19.94013227,0
0.03,-0.137073372,0.73,0.01,0.63,0.04,16.14394447,0
0.04,-0.08645479,0.39,0.34,1.5,0.45,18.9266779,0
0.08,-0.127834459,0.43,0.05,0.73,0.28,21.45922037,0
0.02,-0.134994616,0.65,0.42,0.38,0.03,16.53091565,0
0.43,-0.130428462,0.67,0.12,0.19,0.3,17.41715605,0
0.23,-0.10322697,0.37,0.38,0.77,0.54,17.9218089,0
0.03,-0.119910315,0.63,0.2,0.43,0.32,16.73655021,0
0.1,-0.119483903,0.45,0.1,0.95,0.33,19.08252402,0
0.04,-0.060656903,0.28,0.47,0.35,0.34,16.19731386,0
0.12,-0.151109412,0.8,0.04,-0.11,0.08,16.77214342,0
0.2,-0.147609286,0.84,0.09,0.27,0.05,16.18097542,0
0.21,-0.111453156,0.29,0.07,0.43,0.45,16.2902768,0
0.16,-0.139720676,0.51,0.22,0.37,0.18,18.74577562,0
0.09,-0.147040737,0.85,0.26,0.21,0.1,16.54181552,0
0.1,-0.147040737,0.89,0.01,0.84,-0.03,15.96800598,0
0.09,-0.14465994,0.34,0.2,0.23,0.51,18.03476329,0
0.03,-0.143860419,0.87,0.11,0.34,0.01,15.9542304,0
0.11,1.112862681,0.08,0.56,0.25,0.56,18.1990135,0
0.03,-0.131423421,0.64,0.32,0.62,0.15,17.34433337,0
0.24,-0.160863572,0.71,0.11,0.01,-0.17,18.14318845,0
0.17,-0.139169894,0.7,0.01,0.47,0.14,16.25139143,0
0.18,-0.14615238,0.81,0.03,0.45,0.16,16.27396696,0
0.11,-0.137748523,0.4,0.12,0.33,0.28,17.37994977,0
0.16,2.566356854,0.22,0.29,0.63,0.71,16.02763174,0
0.08,-0.141461855,0.7,0.32,0.19,0.24,16.50171343,0
0.23,-0.132418381,0.63,0.14,0.52,0.16,16.43361577,0
0.08,0.876737393,0.18,0.46,0.29,0.5,19.12396643,0
0.06,-0.141337485,0.69,0.01,0.8,0.08,16.40605651,0
0.04,-0.108414975,0.56,0.16,0.65,0.27,15.92964708,0
0.1,-0.140591265,0.57,0.28,0.38,0.29,15.95629928,0
0.24,-0.147573751,0.61,0.2,0.19,0.36,17.49464216,0
0.04,-0.139489703,0.53,0.16,0.47,0.35,16.30018977,0
0.32,-0.143842652,0.45,0.04,0.39,-0.25,15.91617357,0
0.08,13.67995154,0.38,0.1,0.52,0.24,17.05608298,0
0.13,-0.147111806,0.69,0.23,0.21,-0.03,16.10861828,0
0.26,-0.134852479,0.63,0.08,0.24,0.25,16.28427089,0
0.11,-0.086365955,0.27,0.05,0.95,0.63,17.32689643,0
0.09,-0.148426574,0.81,0,0.46,-0.3,15.99653224,0
0.39,-0.148035697,0.73,0.07,0.05,0.05,16.54186678,0
0.32,-0.129291365,0.44,0.01,0.46,0.43,17.32817451,0
0.02,-0.098412076,0.4,0.47,0.65,0.34,15.92010583,0
0.12,-0.141923801,0.6,0.18,0.33,0.01,20.86153962,0
0.3,-0.141817198,0.56,0.1,0.37,0.36,16.52375394,0
0.3,-0.131920901,0.53,0.01,0.64,0.21,16.32840439,0
0.42,-0.144340132,0.16,0.55,0.36,0.38,16.32065953,0
0.36,-0.147929094,0.63,0,0.15,0.24,19.02558953,0
0.27,-0.114313666,0.56,0.21,0.9,0.17,18.12629401,0
0.08,-0.146880833,0.93,0.1,0.59,-0.04,16.08048859,0
0.03,-0.132222943,0.47,0.05,1.08,0.3,19.46710486,0
0.19,-0.133324505,0.8,0,0.31,0.02,17.09552302,0
0.04,-0.141515157,0.77,0.19,0.37,0.18,16.76138771,0
0.28,-0.138423674,0.4,0.08,0.12,0.41,16.7700081,0
0.07,-0.119341766,0.43,0.23,0.63,0.23,18.02580431,0
0.12,-0.155959841,0.89,0.1,-0.13,-0.37,17.03657419,0
0.06,-0.1306239,0.49,0.68,0.18,0,17.78328542,0
0.01,-0.117298545,0.72,0.25,0.16,0.19,17.57526572,0
0.16,-0.144890913,0.66,0.21,0.32,0.16,17.47083961,0
0.15,-0.135261124,0.45,0.09,0.45,0.47,17.47172784,0
0.1,-0.147982396,0.76,0.06,0,-0.55,15.9434084,0
0.2,-0.022386484,0.27,0.31,0.46,0.62,16.22904052,0
0.16,-0.142190308,0.34,0.19,0.3,0.5,16.16775458,0
0.06,-0.141319718,0.59,0.2,0.58,0.1,16.16546643,0
0.42,-0.145850339,0.7,0.07,0.22,0.19,16.01512051,0
0.35,-0.140040484,0.85,0.07,0.38,-0.12,16.70444295,0
0.11,-0.124867347,0.28,0.14,0.42,0.43,19.94555684,0
0.26,-0.135083452,0.69,0.04,0.31,0.2,16.69119729,0
0.14,-0.142492349,0.77,0.02,0.45,0.11,16.66250834,0
0.02,-0.154183127,0.7,0.49,-0.18,-0.38,17.19123087,0
0.3,-0.144553338,0.79,0.01,0.57,0.06,16.01423246,0
0.26,-0.144695475,0.74,0.01,0.64,0.18,17.03130709,0
0.02,0.086437247,0.29,0.48,0.31,0.63,18.79025231,0
0.13,-0.038465746,0.26,0.4,0.56,0.65,16.46362772,0
0.06,-0.143789351,0.78,0.06,0.62,0.09,16.37497614,0
0.1,-0.097594787,0.2,0.23,0.55,0.79,16.27784213,0
0.31,-0.145725969,0.55,0.06,0.24,0.17,17.37647033,0
0.23,0.080911666,0.43,0.05,0.8,0.21,17.81255294,0
0.05,-0.087485285,0.79,0.24,0.26,0.16,16.48296346,0
0.05,-0.142083705,0.77,0.35,0.54,-0.17,19.44865161,0
0.2,0.229729229,0.13,0.4,0.25,0.42,18.64136152,0
0.04,0.352997645,0.3,0.14,0.21,0.11,18.3792147,0
0.08,-0.124192195,0.67,0,0.32,0.28,17.25765901,0
0.17,-0.14590364,0.65,0.08,0.26,0.12,16.23841157,0
0.42,-0.138832319,0.62,0.4,0.42,0.2,19.11627408,0
0.05,-0.1418705,0.68,0.2,0.17,0.18,16.34385203,0
0.11,-0.141586225,0.62,0.17,0.47,0.19,16.51398889,0
0.2,-0.119021958,0.43,0.05,0.51,0.37,17.41363649,0
0.1,-0.142048171,0.72,0.11,0.3,0.13,16.82982113,0
0.02,-0.141710595,0.84,0.41,0.51,0.02,21.06572419,0
0.52,-0.09795013,0.09,0.78,0.06,0.5,17.26655979,0
0.12,-0.13037516,0.55,0.04,0.51,0.41,16.56338462,0
0.22,-0.146223449,0.73,0.06,0.39,0.23,18.3508444,0
0.15,-0.077891029,0.17,0.46,0.15,0.14,17.87916815,0
0.07,-0.136042878,0.32,0.1,0.88,0.22,20.67971042,0
0.13,-0.144748776,0.79,0.01,0.92,0.07,16.41967663,0
0,-0.076291987,0.56,0.28,0.31,0.38,16.97811918,0
0.23,-0.147467149,0.83,0.22,0.29,-0.45,19.16795121,0
0.11,-0.104257465,0.4,0.03,0.53,0.29,17.6476205,0
0.12,-0.14465994,0.2,0.27,0.35,0.72,16.69833015,0
0.01,-0.096297786,0.5,0.16,0.65,0.35,16.97414917,0
0.04,-0.090718904,0.5,0.23,0.38,0.37,18.21268793,0
0.03,-0.1318676,0.74,0.08,1.05,-0.18,16.19859893,0
0.28,-0.141408554,0.37,0.22,0.22,0.53,17.78334245,0
0.17,-0.126768431,0.52,0.11,1.06,0.14,16.73356249,0
0.05,-0.112750157,0.63,0.31,0.32,0.33,19.45191996,0
0.09,-0.151624659,0.82,0.19,0.31,-0.02,16.29469822,0
0.28,-0.141195348,0.41,0.04,0.4,0.21,16.74018111,0
0.11,0.225642787,0.81,0.07,0.18,0.15,18.82553246,0
0.05,-0.143149734,0.79,0.03,0.4,0.09,17.39369887,0
0.07,-0.142918761,0.77,0.13,0.35,0.12,16.11314522,0
0.14,-0.134692575,0.41,0.32,0.63,0.2,16.68453797,0
0.22,-0.14963474,0.85,0.01,0.37,0.13,16.26620983,0
0.01,-0.133662081,0.62,0.14,0.3,0.28,15.98199238,0
0.26,-0.142439048,0.39,0.29,0.2,0.1,17.19391583,0
0.01,-0.027041475,0.41,0.55,1.25,0.57,16.06007388,0
0.01,-0.14826667,0.84,0.1,1.08,0.01,16.55385696,0
0.17,-0.151144947,0.34,0.35,0.59,0.16,17.10685074,0
0.1,-0.079276866,0.38,0.34,0.26,0.42,17.59953434,0
0.01,-0.144162461,0.65,0.01,0.41,0.25,16.55022885,0
0.44,-0.144482269,0.76,0.26,0.31,-0.11,18.89085608,0
0.11,-0.050351962,0.48,0.25,0.71,0.33,17.09188416,0
0.21,-0.127017171,0.57,0.06,0.35,0.25,18.01318258,0
0.11,-0.122077906,0.53,0.09,0.53,0.42,15.93224018,0
0.33,-0.144748776,0.53,0.1,0.5,0.11,16.07362513,0
0.28,-0.142101472,0.96,0.03,0.8,0.03,17.68103712,0
0.32,11.03273655,0.13,0.73,0.19,0.68,16.75952097,0
0.05,-0.145086352,0.81,0.13,0.43,0.04,16.00236264,0
0.12,-0.145477229,0.71,0.39,0.18,0.21,17.53242846,0
0.3,-0.142474582,0.71,0.01,0.44,0.15,16.05503721,0
0.04,0.012739151,0.62,0.29,0.63,0.34,17.54931534,0
0.07,-0.145956942,0.73,0.05,0.11,-0.01,17.30353781,0
0.06,-0.13963184,0.59,0.17,0.73,0.13,16.67484591,0
0.42,-0.14112428,0.7,0.04,0.55,0.17,16.09146662,0
0.16,-0.139365333,0.7,0.03,0.16,0.21,17.9388123,0
0.13,-0.149776877,0.5,0.21,0.09,0.38,15.94222862,0
0.12,-0.146969669,0.71,0.12,0.33,0.18,16.40520356,0
0.02,-0.138121633,0.73,0.04,0.43,0.08,16.16234399,0
0.06,-0.063677317,0.26,0.1,0.69,0.2,18.39311147,0
0.19,-0.079845414,0.27,0.04,0.54,0.66,17.99806291,0
0.11,-0.150842905,0.65,0.33,0.12,0.11,17.89420169,0
0.2,-0.142598952,0.81,0.01,0.42,0.06,16.32429502,0
0.1,0.132116563,0.18,0.09,0.37,0.46,17.99876998,0
0.2,-0.143736049,0.58,0.19,0.24,0.13,16.67352165,0
0.09,-0.143860419,0.76,0.03,0.4,0.18,15.91919864,0
0.05,-0.1393831,0.25,0.22,0.24,0.42,18.59937017,0
0.12,-0.136096179,0.55,0.44,0.32,0.13,17.13356004,0
0.29,-0.143611679,0.79,0.06,0.31,0.04,16.62096523,0
0.11,-0.148479876,0.63,0.09,0.38,0.27,17.17858639,0
0.06,-0.146223449,0.75,0.13,0.75,0.07,16.59165968,0
0.08,-0.136291618,0.8,0.35,0.3,0.16,16.27944558,0
0.2,-0.145086352,0.7,0.01,0.46,0.21,16.5820543,0
0.13,-0.139933881,0.38,0.19,0.34,0.41,15.96610452,0
0.14,-0.143647214,0.38,0.12,0.39,0.18,19.2709589,0
0.18,0.152477706,0.31,0.02,0.93,0.57,17.27587126,0
0.21,-0.135349959,0.3,0.22,0.35,0.44,16.29862594,0
0.39,-0.150487562,0.94,0.3,0.01,-0.1,17.27703062,0
0.4,-0.146791997,0.9,0.06,0.39,0.05,16.01372498,0
0.06,-0.145139653,0.68,0.13,0.22,0.27,16.04801025,0
0.24,-0.143842652,0.8,0.03,0.48,0.02,16.28308003,0
0.5,-0.16168086,0.27,0.51,0,0.11,19.16606645,0
0.15,-0.136309385,0.34,0.33,0.4,0.02,16.38149868,0
0.11,-0.128651748,0.36,0.21,0.98,0.52,16.22287495,0
0.12,-0.13161886,0.67,0.17,0.86,-0.47,15.96996808,0
0.2,-0.127816692,0.51,0.13,0.51,0.28,17.05992948,0
0.09,-0.14602801,0.8,0.09,0.31,0.11,17.24551623,0
0.05,-0.113745117,0.75,0.08,0.67,0.23,16.18870434,0
0,-0.144571105,0.76,0.04,0.27,0.21,18.22176282,0
0.06,-0.027236914,0.21,0.73,0.33,0.66,16.84839501,0
0.17,0.760664668,0.31,0.25,0.26,0.63,17.83140596,0
0.11,-0.137499783,0.79,0.02,0.85,0.07,16.16130637,0
0.03,-0.139312031,0.77,0.16,0.39,0.11,15.92744881,0
0.1,-0.141408554,0.64,0.07,1.95,0.19,19.75950568,0
0.13,-0.14490868,0.89,0.05,0.7,0.06,16.06635594,0
0.12,-0.07856618,0.2,0.1,0.39,0.21,20.47349351,0
0.16,-0.150931741,0.99,0.04,-0.08,-0.16,16.77502558,0
0.16,-0.144979749,0.7,0.33,0.29,0.15,15.98480286,0
0.24,-0.135349959,0.32,0.27,0.25,0.27,16.53817393,0
0.02,-0.145814805,0.69,0.1,0.65,0.16,16.05635577,0
0.31,-0.14826667,0.44,0.15,0.14,0.1,17.43954873,0
0.08,-0.137446482,0.86,0.16,0.37,0.08,16.22582952,0
0.11,-0.147413847,0.64,0.18,0.28,0.16,16.87408316,0
0.16,-0.137002303,0.53,0.3,0.24,0.31,16.45900325,0
0.06,-0.145619366,0.8,0.09,0.35,0.06,16.54249883,0
0.02,-0.143291871,0.73,0.05,1.03,0.13,17.55117304,0
0.22,-0.132507217,0.54,0.21,0.23,0.17,17.30541082,0
0.03,-0.009114431,0.42,0.33,0.28,0.23,16.84201362,0
0.11,-0.145068585,0.85,0.55,0.11,0.02,19.94064269,0
0.23,5.475264051,0.09,0.45,0.34,0.36,16.69338651,0
0.06,-0.142741089,0.68,0.17,0.22,0.14,18.13130571,0
0.06,-0.137553085,0.32,0.05,0.28,0.06,17.35722383,0
0.09,-0.137215509,0.56,0.45,0.54,0.09,21.51439991,0
0.08,-0.12925583,0.52,0.08,0.43,0.09,17.22971419,0
0.07,-0.146454422,0.76,0.06,0.45,0.19,15.98775915,0
0.04,-0.108255071,0.17,0.53,0.34,0.81,17.227788,0
0.04,-0.135492096,0.63,0.21,0.62,0.29,16.43883636,0
0.17,0.148266893,0.28,0.48,0.75,0.6,16.20340526,0
0.47,1.763690779,0.09,0.19,0.23,0.79,16.07470923,0
0.11,-0.115983777,0.43,0.28,0.74,-0.02,16.04222554,0
0.16,-0.109036825,0.49,0.25,0.44,0.19,16.08696622,0
0.32,-0.127017171,0.58,0,0.32,0.29,18.42538764,0
0.18,-0.127550185,0.36,0.14,0.4,0.6,16.39633273,0
0.07,-0.145885873,0.85,0.19,0.54,0.12,16.19452609,0
0.11,-0.143753816,0.74,0.04,0.66,0.06,16.24302774,0
0.12,-0.146187915,0.84,0.09,0.41,0.1,15.95400596,0
0.17,-0.135545398,0.76,0.16,0.35,0.17,16.65780787,0
0.13,-0.106940303,0.24,0.55,0.7,-0.02,16.13503782,0
0.11,-0.117547285,0.52,0.44,0.22,0.22,17.76471395,0
0.07,-0.14465994,0.29,0.37,0.44,0.46,18.60630655,0
0.18,-0.139933881,0.31,0.39,0.41,0.64,16.50961091,0
0.07,8.921289652,0.29,0.4,0.52,0.55,16.70882459,0
0.11,-0.149243863,0.65,0.02,1.42,0.15,17.38760316,0
0.07,-0.147378313,0.81,0.01,0.16,0.1,16.69198097,0
0.21,-0.134159561,0.65,0.01,0.82,0.24,15.89524856,0
0.16,-0.143274104,0.57,0.18,0.66,0.41,16.16682877,0
0.1,0.003020526,0.19,0.62,0.09,0.6,17.05055402,0
0.11,-0.144979749,0.64,0.14,1.32,0.34,15.923965,0
0.18,-0.139969416,0.65,0.06,0.36,0.3,18.08882961,0
0.06,-0.153898853,0.85,0.04,-0.06,0.1,16.96911535,0
0.27,-0.132898094,0.65,0.09,1.4,0.31,18.57123478,0
0.16,0.248882206,0.23,0.51,0.22,0.43,17.40239521,0
0.01,-0.126253184,0.59,0.26,0.73,0.37,17.72565358,0
0.04,-0.131778764,0.72,0.37,0.48,0.27,16.04801315,0
0.08,-0.138032797,0.4,0.29,0.53,0.51,18.75380837,0
0.12,4.16077998,0.1,0.55,0.18,0.6,19.43246344,0
0.13,-0.157416747,0.53,0.37,-0.02,0.44,16.95448263,0
0.16,-0.143345172,0.73,0.04,0.39,0.22,16.91911909,0
0.06,-0.144215762,0.52,0.04,0.38,0.1,17.00650838,0
0.19,-0.14162176,0.37,0.04,0.29,0.28,16.45789143,0
0.11,-0.153579045,1.11,0.21,-0.13,-0.34,16.47907191,0
0.12,-0.144357899,0.65,0.19,0.37,0.05,23.43333499,0
0.13,-0.117565052,0.64,0.59,0.77,0.28,17.27173941,0
0.01,0.657206613,0.52,0.43,0.55,0.48,16.13906945,0
0.02,-0.133626547,0.82,0.29,0.3,0.18,16.44051822,0
0.16,-0.146720929,0.95,0.18,0.31,-0.07,15.92948854,0
0,-0.113905021,0.67,0.05,0.95,0.28,15.99338161,0
0.35,-0.140306991,0.58,0.06,0.26,0.28,17.13352743,0
0.12,-0.14515742,0.55,0.26,0.21,0.18,16.90015436,0
0.06,-0.118186902,0.62,0.07,0.57,0.37,16.88246964,0
0.08,-0.120425562,0.29,0.5,0.35,0.42,17.18634055,0
0.27,-0.145832572,0.85,0.07,0.29,-0.15,15.9078566,0
0.13,-0.091731631,0.23,0.29,0.76,0.39,17.23622837,0
0.15,-0.142243609,0.52,0.1,0.48,0.41,17.72083383,0
0.01,-0.129433502,0.77,0.28,1.16,0.14,16.86091542,0
0.18,-0.136078412,0.45,0.06,0.35,0.25,17.69659577,0
0.25,-0.141017677,0.58,0.13,0.41,0.33,15.98757002,0
0.06,-0.071263886,0.74,0.24,0.43,0.21,17.33265062,0
0.1,0.067479709,0.38,0.07,0.41,0.27,18.37362187,0
0.07,-0.08769849,0.41,0.02,0.66,0.51,16.23789434,0
0.19,-0.144979749,0.83,0.06,0.31,0.02,17.50189187,0
0.21,-0.148568711,0.65,0.07,0.17,-0.59,16.23106793,0
0.01,-0.06980698,0.27,0.48,0.16,0.72,15.96378529,0
0.29,-0.077695591,0.16,0.56,0.5,0.28,16.53088527,0
0.02,-0.126235417,0.62,0.08,0.78,0.28,16.05679987,0
0.06,-0.14050243,0.66,0.45,0.45,0.2,16.04435352,0
0.14,-0.143611679,0.55,0.26,0.47,0.42,16.77093123,0
0.39,-0.140733403,0.61,0.24,0.31,0.25,17.93842063,0
0.23,-0.143274104,0.52,0.43,0.3,0.36,17.85071825,0
0.18,-0.091784932,0.28,0.09,0.92,0.62,17.76833399,0
0.04,-0.142812158,0.75,0.12,0.23,0.17,16.10073991,0
0.13,-0.150540864,0.87,0.01,0.02,-0.28,16.83867807,0
0.19,-0.143007596,0.45,0.5,0.35,0.46,16.6447362,0
0.11,-0.14465994,0.32,0.63,0.3,0.56,16.99849915,0
0.07,-0.135225589,0.48,0.64,0.18,0.13,19.21383806,0
0.18,-0.139933881,0.32,0.22,0.42,0.47,19.34595965,0
0.04,0.589176235,0.18,0.35,1.89,0.65,17.10251464,0
0.19,-0.15727461,0.51,0.5,0.21,-0.58,17.15444697,0
0.2,-0.136611426,0.42,0.45,0.18,0.22,17.7688922,0
0.06,0.014036152,0.47,0,1.5,0.33,16.04687029,0
0.04,-0.168361305,0.34,0.26,-0.06,0.17,16.62598617,0
0.07,5.764335416,0.6,0.57,0.83,0.09,17.76498743,0
0.2,-0.12360588,0.42,0.01,1.12,0.19,16.64107668,0
0.39,-0.147751423,0.75,0.04,0.44,0.23,16.04239048,0
0.25,-0.148088998,0.76,0.08,0.83,-0.51,17.84309488,0
0.04,-0.117351847,0.36,0.05,1.14,0.59,16.41822772,0
0.01,0.112732614,0.44,0.53,0.32,0.58,17.2429693,0
0.33,-0.14553053,0.69,0.01,0.33,0.15,16.4437955,0
0.02,-0.098749651,0.18,0.85,0.51,0.26,15.96075248,0
0.4,-0.019845783,0.27,0.09,0.49,0.7,16.17632569,0
0.11,-0.144624406,0.69,0.3,0.25,0.11,17.0284007,0
0.13,-0.151766796,0.66,0.55,0.05,-0.07,16.77372257,0
0.08,-0.143807118,0.87,0.37,1.12,-0.2,17.72938671,0
0.01,-0.138832319,0.67,0.18,0.41,0.28,16.23815281,0
0.17,-0.141675061,0.49,0.26,0.18,-0.14,15.94653028,0
0.26,-0.161787463,0.2,0.22,0.09,0.36,16.11493085,0
0.37,-0.142616719,0.72,0.07,0.44,0.21,16.52621756,0
0.01,-0.145956942,0.99,0.26,0.07,-0.11,17.12116815,0
0.03,-0.129930982,0.47,0.17,0.19,0.05,18.41353669,0
0.18,-0.147378313,0.55,0.05,0.54,-0.05,17.04452394,0
0.25,-0.149368233,0.88,0,0.36,-0.04,16.14740918,0
0.36,-0.144748776,0.88,0.13,0.25,0.07,16.61789143,0
0.1,-0.143789351,0.81,0.02,1.32,0.09,16.11284419,0
0.05,-0.130552831,0.35,0.65,0.36,0.41,17.83543979,0
0.06,-0.148213368,0.55,0.08,0.64,0.16,17.19020187,0
0,-0.133502177,0.67,0.04,0.66,-0.08,16.27550154,0
0.13,-0.14465994,0.08,0.45,0.34,-0.06,16.12001141,0
0.01,-0.131547791,0.35,0.03,0.62,0.56,15.94934037,0
0.09,-0.133999657,0.65,0.06,0.57,0.25,16.90345914,0
0.03,-0.099335967,0.57,0.63,0.21,0.31,17.95112046,0
0.14,-0.147200641,0.79,0.08,0.42,0.14,16.49173636,0
0.17,-0.137499783,0.46,0.11,0.25,0.52,16.67443505,0
0.15,-0.089866081,0.34,0.07,0.72,0.43,17.94207346,0
0.09,-0.14789356,0.7,0.25,0.29,-0.03,21.04649645,0
0.22,-0.127692322,0.63,0.21,0.37,0.05,17.27811271,0
0.25,-0.144819845,0.85,0.11,0.73,0.08,16.12870636,0
0.15,-0.148728615,0.91,0.1,0.01,0.09,18.36548158,0
0.03,-0.117867094,0.67,0.24,0.42,0.09,15.91861821,0
0.26,-0.135829672,0.51,0.27,0.32,0.05,16.00888206,0
0.03,-0.145814805,0.87,0.41,0.2,0.03,16.18294512,0
0.07,-0.143096432,0.64,0.01,0.41,0.17,19.95471751,0
0.45,-0.141461855,0.38,0.04,0.16,0,19.55848179,0
0.18,-0.147911327,0.9,0.03,0.16,-0.05,17.97992626,0
0.08,-0.061314288,0.16,0.08,0.61,0.33,16.98152272,0
0.13,-0.144926448,0.6,0.07,0.47,0.33,17.29852827,0
0.06,-0.145885873,0.85,0.25,0.35,0.03,16.29069014,0
0.12,-0.146738696,0.53,0.04,1.39,-0.18,17.36314734,0
0.02,-0.142510117,0.8,0.02,0.97,0.05,16.26876691,0
0.09,-0.144038091,0.61,0.14,0.46,0.28,15.97015651,0
0.71,-0.152424181,0.76,0.04,-0.03,-0.27,16.68864019,0
0.16,-0.095320593,0.47,0.27,0.29,0.51,17.748321,0
0.1,-0.143327405,0.49,0.04,0.49,0.18,17.17973782,0
0.04,-0.109409935,0.3,0.09,0.33,0.62,16.50425255,0
0.25,-0.139916114,0.72,0.1,0.26,0.15,17.68660983,0
0.1,-0.142687788,0.6,0.2,0.82,0.09,19.43246156,0
0.04,-0.136558125,0.94,0.18,0.46,0.05,16.49180112,0
0.04,-0.147858026,0.94,0.07,0.12,-0.2,18.07972751,0
0.02,-0.118204669,0.7,0.19,0.65,0.21,16.25473882,0
0.04,-0.14465994,0.22,0.61,0.8,0.27,17.63262915,0
0.2,-0.143771583,0.73,0.16,0.36,0.06,15.96405923,0
0.42,-0.145690435,0.81,0.01,0.29,0,16.2335535,0
0.11,-0.145246256,0.7,0.35,0.52,0.08,16.47846053,0
0.02,-0.133342272,0.76,0.26,0.35,0.2,16.89617957,0
0.07,0.129042848,0.35,0.59,0.72,0.57,15.91945128,0
0.04,-0.12509832,0.1,0.77,0.22,0.24,17.58576212,0
0.29,-0.153756716,0.49,0.1,0.02,0.41,16.39323785,0
0.02,-0.100473064,0.33,0.06,1.05,0.66,16.00004856,0
0.05,0.514110069,0.42,0.07,0.38,0.15,17.22229245,0
0.37,-0.143469542,0.92,0,0.17,0.03,16.74074724,0
0.06,-0.148248903,0.96,0.01,0.51,0.02,16.16343759,0
0.03,-0.085886242,0.51,0.13,0.45,0.44,17.48442195,0
0.01,0.10107737,0.57,0.29,0.22,0.27,16.27016236,0
0.08,-0.102960463,0.64,0.05,0.37,0.17,17.08132165,0
0.08,-0.139933881,0.6,0.02,0.21,0.27,16.24483658,0
0.13,-0.129788844,0.27,0.39,0.16,0.33,16.60371632,0
0.04,-0.142385747,0.78,0,0.41,0.07,19.3836547,0
0.01,-0.137108906,0.98,0.14,1.04,-0.02,16.31428946,0
0.2,-0.146472189,0.77,0.01,0.3,0.1,15.99784708,0
0.08,-0.049428071,0.19,0.45,0.2,0.31,18.09705043,0
0.03,-0.134461602,0.75,0.05,0.27,0.17,16.32266138,0
0.21,-0.14075117,0.32,0.03,0.1,0.48,17.28341349,0
0.04,-0.150434261,0.8,0.03,1.39,0.02,15.96580692,0
0.18,-0.140537964,0.58,0.33,0.33,0.3,17.56426014,0
0.08,-0.145352859,0.74,0.09,0.55,0.21,16.12367098,0
0.07,-0.145388393,1.28,0,1.18,-0.41,15.91124268,0
0.05,-0.123659181,0.82,0.25,1.04,0.09,17.3388746,0
0.07,-0.146685394,0.77,0.06,0.18,0.09,16.94107801,0
0.15,-0.14627675,1.28,0.01,0.23,-0.33,16.46081164,0
0.36,-0.143807118,0.64,0.03,1.11,0.19,17.02520064,0
0.16,-0.131565558,0.59,0.2,0.23,0.22,16.81038646,0
0.09,0.912857988,0.23,0.2,0.21,0.29,16.38462423,0
0.23,-0.03986935,0.44,0.05,0.59,0.13,17.35225606,0
0.05,0.436041257,0.21,0.78,0.35,0.52,17.36416855,0
0.08,-0.14465994,0.33,0.67,1.03,0.6,16.09218731,0
0.01,-0.147484916,0.83,0.15,0.12,0.08,18.11508541,0
0.21,-0.143540611,0.29,0.09,0.38,0.39,18.70819848,0
0.1,-0.145672667,0.83,0.03,0.27,0,16.30946697,0
0.15,-0.12987768,0.64,0.15,1.39,0.26,16.3765048,0
0.08,-0.099797912,0.38,0.47,0.56,0.5,15.91490557,0
0.06,-0.137091139,0.25,0.3,0.25,0.62,17.39765213,0
0.11,-0.11260802,0.52,0.08,0.25,0.42,16.88092257,0
0.06,-0.146845299,0.89,0.01,0.44,-0.02,16.39887312,0
0.2,-0.154502936,0.82,0.24,-0.14,-0.3,18.10521979,0
0.18,-0.145441695,0.78,0.06,0.28,0.14,16.41364924,0
0.52,-0.147431614,0.82,0.04,0.24,0.14,15.89573567,0
0.11,-0.14465994,0.46,0.25,0.48,0.42,15.92529154,0
0.37,-0.142474582,0.74,0.22,0.17,0.19,18.50187688,0
0.17,-0.146614326,0.77,0.07,0.66,-0.44,19.74371952,0
0.21,-0.14739608,0.51,0,0.1,0.26,15.94661991,0
0.23,-0.132258477,0.64,0.13,0.49,0.15,16.82708395,0
0.21,-0.126484156,0.48,0.18,0.59,0.3,16.01302854,0
0.01,0.004210924,0.39,0.18,0.34,0.51,18.95855528,0
0.22,-0.124956182,0.49,0.1,0.39,0.31,17.20191675,0
0.08,-0.133573245,0.53,0.16,0.67,0.27,16.5380713,0
0.16,-0.127887761,0.32,0.08,0.41,0.48,17.26628738,0
0.14,-0.10832614,0.45,0.15,0.6,0.2,15.96673704,0
0.03,-0.133537711,0.46,0.38,0.38,0.3,16.69243976,0
0.12,-0.146489956,0.8,0.21,0.41,0.1,16.30352953,0
0.03,-0.145814805,0.75,0.18,0.44,0.17,16.06251317,0
0.02,-0.1406268,0.84,0.01,0.33,0.07,16.97595012,0
0.12,-0.141834965,0.96,0.12,0.26,-0.07,16.29860891,0
0.05,-0.135918508,0.62,0.07,0.68,0.25,16.80752006,0
0.11,-0.144375666,0.83,0.1,0.37,0.01,17.11035682,0
0.03,-0.142972062,0.77,0.15,0.46,0.22,16.06597138,0
0.03,-0.139418634,0.34,0.16,0.44,0.56,16.51494145,0
0.2,-0.174259995,0.23,0.37,0.11,-0.03,17.49935202,0
0.09,-0.144197995,0.96,0,0.49,0.01,17.26122562,0
0.02,-0.157505583,0.95,0.1,0,0.05,16.15039777,0
0.02,-0.124867347,0.65,0.2,0.33,0.31,16.92195976,0
0.14,-0.117493984,0.32,0.02,0.98,0.18,17.96112568,0
0.12,-0.083558747,0.5,0.34,0.61,0.32,17.62932285,0
0.11,-0.077908796,0.37,0.26,0.5,0.53,16.0703295,0
0.23,-0.144748776,0.75,0.03,0.59,0.06,16.66136008,0
0.16,-0.141142047,0.53,0.09,0.31,0.34,17.20519981,0
0.34,-0.015883711,0.15,0.63,0.12,0.79,16.27534868,0
0.01,-0.145459462,0.69,0.71,0.17,0.12,16.38686589,0
0.19,-0.131387887,0.4,0.31,0.54,0.23,16.05348555,0
0.09,-0.146063545,0.46,0.56,0.33,0.3,16.70662393,0
0.01,-0.138707949,0.81,0.34,0.14,0.14,17.16687866,0
0.03,-0.142652254,0.75,0.28,0.42,0.13,15.92385875,0
0.22,-0.14465994,0.1,0.44,0.75,0.33,16.7392956,0
0.2,-0.157363445,0.44,0.35,-0.04,0.17,16.63663781,0
0.43,-0.150771837,0.88,0.04,0.04,-0.05,16.8540773,0
0.15,0.185862161,0.24,0.02,0.85,0.3,16.96847249,0
0.08,-0.14652549,0.84,0.15,1.14,0.04,16.72941675,0
0.1,0.022582146,0.17,0.65,0.33,0.75,18.0025543,0
0.05,-0.110547032,0.5,0.34,0.64,0.37,16.8681084,0
0.03,-0.141213115,0.65,0.38,0.42,0.23,16.7821199,0
0.01,-0.123250537,0.67,0.16,0.47,0.29,16.31515589,0
0.06,-0.145175188,0.8,0.07,0.45,0.14,16.01446142,0
0.1,-0.14478431,0.55,0.26,0.5,0.12,17.69903937,0
0.22,-0.144233529,0.8,0,0.44,-0.1,15.97523239,0
0.16,-0.145068585,0.33,0.38,0.45,0.14,19.23484417,0
0.2,-0.147218409,0.97,0,0.43,-0.2,15.93593976,0
0.13,-0.143256336,0.68,0.25,0.31,0.16,18.24574939,0
0.16,-0.143824885,0.71,0.06,0.4,0.1,18.158605,0
0.15,-0.098394308,0.31,0.01,0.6,0.32,17.93368713,0
0.11,-0.14465994,0.22,0.18,0.26,0.66,16.31526682,0
0.06,-0.08030736,0.23,0.59,0.21,0.64,17.35376832,0
0.04,-0.130161954,0.75,0.07,0.78,0.21,16.97316477,0
0.17,-0.15000785,0.64,0.54,0.05,0.35,16.65559764,0
0.03,-0.14465994,0.17,0.75,0.35,0.79,16.26327074,0
0.25,-0.149350465,0.6,0.01,0.23,0.37,17.26945174,0
0.02,-0.143913721,0.24,0.71,0.68,0.76,16.68531838,0
0.04,-0.129451269,0.87,0.01,0.36,0.1,18.93131691,0
0.11,0.074515496,0.11,0.36,0.22,0.76,19.55301652,0
0.58,-0.14465994,0.58,0.59,0.2,0.42,16.43097782,0
0.19,-0.142083705,0.49,0.5,0.3,0.24,16.74097679,0
0.01,-0.120727603,0.75,0.33,0.6,0.17,16.37699654,0
0.15,-0.137606386,0.7,0.09,0.16,0.19,17.5332502,0
0.14,-0.143789351,0.24,0.08,0.31,0.14,19.07729565,0
0.13,-0.132720423,0.57,0.1,0.67,0.25,17.03120344,0
0.08,-0.095995745,0.6,0.02,0.32,0.25,20.42703116,0
0.51,-0.146134613,0.81,0.09,0.29,0.06,16.73962684,0
0.17,-0.14752045,0.84,0.48,0.48,0.13,16.19351226,0
0.16,-0.105607767,0.46,0.02,0.34,0.34,20.46603667,0
0.12,-0.107562153,0.38,0.26,0.26,0.48,17.19193955,0
0.2,-0.026952639,0.14,0.53,0.33,0.26,16.48829897,0
0.12,0.128492067,0.19,0.29,0.31,0.65,18.32946702,0
0.1,-0.119039725,0.3,0.19,0.39,0.31,16.33744634,0
0.23,0.030683962,0.42,0.07,0.24,0.53,16.38064559,0
0.01,-0.152246509,0.73,0.08,0,0.11,18.47606819,0
0.11,-0.147360546,0.76,0.13,0.24,0.01,16.68064359,0
0.08,-0.146934134,0.64,0.28,0.47,0.13,17.57630436,0
0.16,-0.146543257,0.77,0.37,0.07,-0.01,17.88022596,0
0.03,-0.076309754,0.38,0.4,0.87,0.45,17.2562528,0
0.14,-0.084678077,0.39,0.69,0.41,0.35,16.21699094,0
0.17,-0.147360546,0.31,0.58,0.2,0.59,17.20288318,0
0.07,-0.082403883,0.25,0.18,0.47,0.69,16.73420162,0
0.22,-0.082084074,0.18,0.35,0.48,0.38,16.73824958,0
0.03,0.00758668,0.53,0.22,1.09,0.39,16.25152953,0
0.03,-0.11223491,0.48,0.2,0.53,0.48,16.56535981,0
0.09,-0.113567446,0.72,0.14,1.49,0.1,17.60729787,0
0.4,-0.147342779,0.69,0.1,0.27,0.01,17.52547459,0
0.15,-0.139809511,0.71,0.01,0.48,0.1,16.28886752,0
0.01,-0.06328644,0.67,0.43,0.3,0.26,16.21187948,0
0.22,-0.143167501,0.64,0.07,0.25,0.12,16.41687982,0
0.11,-0.139987183,0.59,0.08,0.53,0.16,16.82900274,0
0.28,-0.141692828,0.84,0.01,0.46,0.02,16.72986335,0
0.12,-0.138832319,0.69,0.01,0.45,0.17,17.65479361,0
0.1,-0.139596306,0.7,0.33,0.38,0.29,19.09204706,0
0.02,-0.137535317,0.57,0.29,0.76,0.41,15.94494261,0
0.08,-0.119057492,0.66,0.14,0.59,0.16,16.74374211,0
0.1,-0.139223196,0.69,0.11,0.47,0.25,17.3205906,0
0.05,-0.082137376,0.17,0.56,0.5,0.53,17.78214701,0
0.15,-0.141230883,0.71,0.18,0.36,0.16,16.08089688,0
0.43,-0.137251043,0.38,0.25,0.48,0.27,18.90863162,0
0.32,-0.145459462,0.77,0.02,0.41,0.06,16.37717769,0
0.01,-0.14664986,0.64,0.02,0.29,0.11,16.56078737,0
0.03,-0.122895194,0.64,0.14,1,0.33,16.94222837,0
0.05,-0.130215256,0.73,0.12,0.57,0.27,18.417409,0
0.47,-0.142972062,0.49,0.03,0.25,0.46,16.05561251,0
0.16,-0.090843274,0.19,0.73,0.15,0.69,16.90377411,0
0.02,-0.136629193,0.76,0.78,0.44,0.23,16.51231125,0
0.25,-0.145068585,0.64,0.04,0.38,0.21,19.20692355,0
0.49,-0.145725969,0.66,0.02,0.45,0.01,16.30385571,0
0.11,-0.139169894,0.55,0.06,0.22,0.14,19.58433544,0
0.25,-0.145512763,0.53,0.05,-0.04,-0.26,17.22096377,0
0.14,-0.143629446,0.77,0.06,0.19,0.07,16.9803123,0
0.1,-0.138174934,0.59,0.01,0.46,0.18,16.81880665,0
0.04,-0.144251296,0.84,0.19,0.74,0.12,16.02135554,0
0.02,0.467222587,0.25,0.33,0.26,0.22,16.53671309,0
0.07,-0.134301698,0.64,0.02,0.34,0.26,16.21310497,0
0.04,3.471965737,0.3,0.33,0.79,0.33,16.57242603,0
0.06,-0.134230629,0.76,0.09,0.69,0.01,16.46544466,0
0.14,-0.144997516,0.57,0.1,0.7,0.35,16.29347525,0
0.19,-0.14503305,0.64,0.09,0.21,0.07,17.33253719,0
0.02,-0.14465994,0.57,0.05,0.27,0.44,19.89513835,0
0.14,-0.141639527,0.25,0.25,0.44,0.27,19.08457379,0
0.24,1.12336306,0.16,0.08,0.3,0.78,16.21271023,0
0.07,-0.144731009,0.61,0.09,0.48,0.16,16.81795312,0
0.09,-0.123801318,0.36,0.15,0.61,0.64,17.64879092,0
0.19,-0.143771583,0.47,0.1,0.3,0.15,17.46711326,0
0.18,-0.142012637,0.7,0.1,0.15,0.16,16.04427052,0
0.07,0.039407628,0.58,0.02,1.1,0.36,15.91240528,0
0.02,-0.153507976,0.14,0.31,0.13,0.45,16.48694152,0
0.14,-0.135829672,0.66,0.1,0.42,0.3,18.44845297,0
0.03,-0.110564799,0.54,0.16,0.24,0.24,16.29649645,0
0.15,-0.14465994,0.83,0.04,0.21,0.12,16.89840958,0
0.02,0.088000755,0.38,0.04,0.4,0.29,16.09086083,0
0.13,-0.125791238,0.32,0.64,0.34,0.22,19.51354847,0
0.03,-0.086134982,0.5,0.17,0.31,0.38,16.34320535,0
0.27,-0.145850339,0.89,0.12,0.28,0.07,16.45557481,0
0.4,-0.148337738,0.81,0,0.22,-0.08,16.35030177,0
0.13,-0.152903893,0.67,0.05,0.48,-0.01,16.0062714,0
0.11,-0.144180228,0.78,0.26,0.27,0.14,16.62982407,0
0.02,-0.144269063,0.8,0.42,0.05,0.03,16.59646847,0
0.03,-0.146827532,0.78,0.01,0.64,0.11,16.46323543,0
0.09,-0.14465994,0.09,0.74,0.13,0.77,17.46906134,0
0.1,-0.144126926,0.95,0.18,0.3,-0.13,16.17175063,0
0.45,-0.155675567,0.24,0.34,0.06,-0.41,17.30459518,0
0.52,-0.138850086,0.5,0.01,0.21,0.16,17.03056626,0
0.14,-0.144304598,0.48,0.08,0.87,0.4,16.38779136,0
0.14,-0.14465994,0.23,0.75,0.5,0.65,17.11225797,0
0.17,-0.142137007,0.66,0.09,0.48,0.21,17.66124294,0
0.09,-0.14465994,0.1,0.52,0.32,0.51,16.68698307,0
0.58,-0.143274104,0.94,0.05,0.37,0.01,16.07644362,0
0.17,-0.137553085,0.78,0.12,0.76,-0.02,16.08427554,0
0.13,-0.133750917,0.36,0.1,0.45,0.45,16.0250197,0
0.11,-0.149919014,1.21,0.02,0.21,-0.42,16.04986627,0
0.06,-0.133857519,0.67,0.05,0.33,0.23,16.16046918,0
0.09,-0.142083705,0.72,0.01,0.61,0.15,16.06365647,0
0.24,-0.147698121,0.57,0.46,0.23,0.3,19.27412205,0
0.13,-0.105856507,0.46,0.07,0.61,0.08,16.47117051,0
0.25,-0.140235923,0.69,0.01,0.37,-0.28,15.94763729,0
0.1,-0.146720929,0.73,0.19,0.31,0.05,16.70614,0
0.37,-0.14789356,0.72,0,0.29,0.02,16.83514147,0
0.04,-0.143327405,0.58,0.09,1.31,0.26,15.90177241,0
0.27,0.06827923,0.4,0.41,0.06,0.56,18.09678605,0
0.27,-0.147609286,0.8,0.02,0.43,0,16.62673611,0
0,-0.067603855,0.25,0.29,0.62,0.75,16.31700438,0
0.06,-0.079898716,0.38,0.24,0.27,0.22,17.46106199,0
0.13,-0.146010243,0.96,0.85,0.36,0.03,15.94809468,0
0.01,-0.104257465,0.09,0.81,0.64,0.34,15.95294172,0
0.31,-0.016736534,0.15,0.43,0.44,0.19,18.78504069,0
0.05,-0.13776629,0.6,0.82,0.65,0.04,20.92138112,0
0.1,-0.144020323,0.87,0.17,0.81,0.1,16.24588754,0
0.34,-0.133893054,0.48,0.02,0.47,-0.01,16.23231644,0
0.28,-0.142225842,0.47,0.34,0.32,0.11,16.06169819,0
0.14,-0.14503305,0.48,0.21,0.77,0.23,16.75138958,0
0.18,-0.142474582,0.62,0.1,0.28,0.2,18.1971277,0
0.1,-0.14640112,0.76,0.04,0.25,0.07,16.47321537,0
0.18,-0.148533177,0.81,0.14,0.16,0.08,17.50311685,0
0.02,-0.14465994,0.25,0.76,0.49,0.56,15.89821066,0
0.2,-0.140857773,0.81,0.01,0.2,-0.04,17.07508278,0
0.3,-0.14465994,0.11,0.16,0.35,0.32,17.63605781,0
0.07,-0.145264023,0.9,0.01,1.33,-0.11,17.21659003,0
0.04,-0.135136754,0.86,0.01,0.54,0.11,16.28481597,0
0.17,-0.056605996,0.7,0.18,0.39,0.19,16.72678243,0
0.16,1.993259992,0.21,0.51,0.19,0.4,17.85305686,0
0.11,-0.069273966,0.25,0.26,0.83,0.43,18.37687286,0
0.09,-0.14739608,0.78,0.05,0.29,0.16,16.56303836,0
0.14,-0.147129573,0.91,0.05,0.61,-0.04,16.05573172,0
0.02,-0.126182115,0.78,0.29,0.31,0.18,16.90898492,0
0.12,0.12536505,0.33,0.24,0.66,0.65,16.08418472,0
0.09,-0.139418634,0.38,0.18,0.35,0.45,18.76278489,0
0.25,-0.145885873,0.53,0.51,0.3,-0.11,16.15747943,0
0.09,-0.146507723,0.77,0.01,0.27,0.07,16.22174884,0
0.14,-0.179856644,0.12,0.53,-0.11,0.15,16.74332822,0
0.46,-0.146294517,0.67,0.09,0.25,0.16,16.88459352,0
0.22,-0.143700515,0.8,0.06,0.66,0.03,17.21090299,0
0.05,-0.094290099,0.3,0.47,0.75,0.5,15.95973747,0
0.65,-0.137286577,0.87,0,0.16,0.1,16.00597691,0
0.05,-0.09043463,0.31,0.73,0.08,0.62,18.96412426,0
0.14,-0.132311778,0.74,0.12,0.44,0.19,15.9065811,0
0.16,-0.123801318,0.7,0.09,0.5,0.26,17.10250134,0
0.13,-0.13224071,0.8,0.2,0.64,-0.04,16.1789019,0
0.44,-0.151962235,0.56,0.38,0.23,0.41,16.19190005,0
0.07,-0.096262252,0.61,0.08,0.71,0.21,16.82760883,0
0.01,-0.118506711,0.3,0.26,0.32,0.62,16.80004674,0
0.03,-0.14602801,0.86,0.23,0.15,0.01,16.03495662,0
0.1,-0.138494743,0.69,0.11,0.77,0.14,17.70284989,0
0.1,-0.125720169,0.46,0.26,0.82,0.48,16.41449041,0
0.12,0.13362677,0.37,0.42,0.13,-0.21,19.58032421,0
0.01,-0.143345172,1.12,0.05,0.81,-0.13,15.99407387,0
0.02,-0.141959335,0.85,0.55,0.39,0.05,16.06624346,0
0.43,-0.144073625,0.7,0.05,0.32,0.22,17.17244594,0
0.58,-0.200235554,0.07,0.16,-0.12,0.07,16.54445926,0
0.12,-0.145246256,0.66,0.04,0.27,0.21,17.12927284,0
0.04,-0.065347428,0.4,0.02,0.25,0.22,19.01935063,0
0.02,-0.144731009,0.79,0.15,0.77,-0.04,16.29507002,0
0,-0.146863066,0.69,0.02,0.31,0.26,18.08280016,0
0.73,-0.144588872,0.69,0.02,0.41,0.18,16.05209398,0
0.3,-0.154591772,0.57,0.07,0.33,0.28,15.93362459,0
0.17,-0.140395827,0.5,0.1,0.46,0.2,17.83027044,0
0.13,-0.164008356,0.76,0.02,-0.11,-0.13,17.30056386,0
0,-0.030790341,0.61,0.48,0.5,0.3,16.31754191,0
0.05,0.454981028,0.56,0.23,0.59,0.42,18.71601606,0
0.07,-0.139454169,0.68,0.03,0.46,0.04,20.00692675,0
0.07,-0.143718282,0.75,0.15,0.28,0.18,16.2262753,0
0.1,-0.147307244,0.8,0.09,0.43,0.11,16.23247887,0
0.07,-0.119146328,0.15,0.16,0.58,0.58,18.21849011,0
0.15,-0.155355759,0.61,0.12,-0.08,0.19,16.41771694,0
0.28,-0.138228236,0.58,0.1,0.25,0.31,17.4642634,0
0.14,-0.139276497,0.69,0.41,0.29,0.28,16.6560761,0
0.07,-0.14465994,0.39,0.51,0.33,0.33,17.56860118,0
0.08,-0.145637133,0.73,0.03,0.24,0.22,17.15018441,0
0.1,-0.155107019,0.69,0.1,0.15,-0.1,17.31443804,0
0.07,-0.143398474,0.73,0,0.3,0.11,16.04851682,0
0.13,-0.142065938,0.59,0.07,0.36,0.06,16.47796621,0
0.73,-0.145672667,0.67,0.09,0.16,-0.15,16.82093575,0
0.01,-0.154822744,0.49,0.47,0.11,0.28,16.16011533,0
0.04,-0.109250031,0.41,0.39,0.22,0.41,17.9106094,0
0.26,-0.14727171,0.85,0.07,0.35,-0.08,17.56976692,0
0.11,-0.113833953,0.38,0.11,0.65,0.21,18.89314529,0
0.06,-0.147253943,0.87,0.23,0.79,0.04,17.2542962,0
0.14,-0.142741089,0.47,0.25,0.43,0.37,18.82675659,0
0.06,-0.154396333,0.57,0.19,0.04,0.22,17.13809848,0
0.25,-0.112554719,0.35,0.11,0.48,0.64,16.92316244,0
0.16,-0.12826087,0.32,0.14,0.4,0.31,17.00887705,0
0.07,-0.160863572,0.47,0.13,0.12,-0.07,18.92625274,0
0.06,-0.143487309,0.83,0.09,0.31,0.09,15.95274578,0
0.05,-0.111435389,0.38,0.32,0.51,0.41,16.72779785,0
0.06,-0.140857773,0.77,0.06,0.22,0.01,17.00430867,0
0.13,-0.122753057,0.61,0.28,0.45,0.36,16.83806887,0
0.1,-0.144731009,0.86,0.06,0.36,-0.01,16.37255095,0
0.23,-0.144535571,0.49,0.06,0.23,0.37,16.37939319,0
0.16,-0.163333204,0.21,0.32,0.16,0.51,16.06198149,0
0.13,0.062309471,0.25,0.22,1.14,0.74,16.06752231,0
0.16,-0.13236508,0.79,0.02,1.12,0.18,18.01400259,0
0.07,-0.134479369,0.42,0,1.99,0.06,19.52686906,0
0.02,-0.131103613,0.51,0.18,0.5,0.24,17.46768503,0
0.02,-0.056481626,0.57,0.43,0.85,0.41,16.04074927,0
0.13,-0.023310376,0.51,0.53,0.35,0.47,16.51839095,0
0.15,-0.130019817,0.8,0.07,0.53,0.12,16.36469007,0
0.05,-0.129451269,0.55,0.13,0.92,0.37,18.64347651,0
0.14,-0.041574995,0.49,0.06,1.39,0,17.92240267,0
0.11,-0.152370879,0.89,0.03,0.14,0.04,16.35652616,0
0.01,-0.086596928,0.64,0,0.46,0.17,16.05500632,0
0.04,-0.059004559,0.18,0.31,0.76,0.37,20.59343355,0
0.05,-0.060319328,0.3,0.37,0.08,0.6,18.32372535,0
0.07,-0.143540611,0.67,0.14,0.26,0.26,16.42036368,0
0.13,-0.146667627,0.84,0.27,0.42,0.1,16.25897271,0
0.32,-0.156759363,0.52,0.63,0.08,0.43,16.09006195,0
0.01,-0.126111047,0.59,0.15,0.33,0.38,15.91040767,0
0.05,-0.151926701,0.99,0.01,0.4,-0.11,15.93437015,0
0.06,-0.137606386,0.48,0.02,0.36,0.21,16.52621443,0
0.24,-0.14677423,0.77,0.09,0.5,0.13,17.54315043,0
0.04,-0.124121127,0.57,0.37,0.16,0.42,17.97825511,0
0.02,-0.126146581,0.75,0.23,0.81,0.22,16.08845291,0
0.1,-0.078370742,0.22,0.08,0.45,0.38,16.83769818,0
0.17,-0.143664981,0.47,0.07,0.3,0.19,19.20826082,0
0.15,-0.139294264,0.52,0.07,0.49,0.3,17.64035183,0
0.26,-0.145956942,0.69,0.07,0.49,0.02,16.21712962,0
0.06,-0.143238569,0.7,0.14,0.26,0.11,18.60019644,0
0.01,-0.10720681,0.67,0.32,0.24,0.12,18.92336266,0
0.09,0.094698967,0.19,0.48,0.29,0.57,16.61664367,0
0.1,-0.147325011,0.86,0.03,0.48,0.01,16.07846919,0
0.07,-0.144269063,0.81,0.03,0.5,0.14,16.21746078,0
0.11,-0.130392927,0.84,0.24,0.33,0.1,16.27089407,0
0.09,-0.143043131,0.78,0.23,0.45,0.04,18.5277411,0
0.24,-0.147342779,0.74,0.03,0.31,-0.13,16.22331008,0
0.04,-0.142243609,0.84,0.1,0.53,0.11,16.03424959,0
0.41,-0.147751423,0.25,0.55,0.07,0.26,18.12412705,0
0.01,-0.11708534,0.4,0.19,0.61,0.34,16.67949693,0
0.18,-0.149119493,0.66,0.1,0.49,-0.03,16.22254089,0
0.01,-0.144890913,0.78,0.11,0.33,0.02,16.63756564,0
0.17,-0.162569217,0.59,0.17,0.14,0.31,15.90450223,0
0.03,-0.14465994,0.1,0.65,0.23,0.72,16.35503551,0
0.05,-0.127017171,0.72,0.09,0.62,0.16,15.89790262,0
0.07,-0.133182368,0.54,0.28,0.4,0.31,16.13084187,0
0.62,-0.147822491,0.5,0.38,0.15,0.4,16.80950773,0
0.08,-0.108859154,0.33,0.27,0.5,0.66,16.97105618,0
0.06,-0.139969416,0.78,0.05,0.75,0.15,16.5479665,0
0.12,-0.135207822,0.39,0.72,0.15,0.59,16.34928031,0
0.02,-0.144890913,0.77,0.13,0.6,0.11,16.24739321,0
0.11,-0.141213115,0.6,0.1,0.57,0.35,16.55275717,0
0.56,-0.155373526,0.77,0.16,0.01,-0.24,16.68510586,0
0.03,-0.134532671,0.77,0.57,0.33,-0.01,16.72343738,0
0.23,-0.128491843,0.34,0.15,0.35,0.61,16.23252525,0
0.02,-0.120212356,0.48,0.11,0.82,0.25,16.74736521,0
0.1,-0.149599205,0.62,0.04,0.15,0.12,18.44578158,0
0.08,-0.1218647,0.51,0.09,0.48,0.42,15.96095061,0
0.12,-0.1381394,0.58,0.24,1.17,0.35,15.91477654,0
0.12,-0.14540616,0.78,0.07,0.22,0.09,16.27319323,0
0.05,-0.13714444,0.44,0.53,0.22,0.13,19.18060057,0
0.15,-0.128900487,0.82,0.01,0.16,0.13,16.46093756,0
0.09,-0.14465994,0.12,0.51,0.22,0.58,15.97943122,0
0.07,-0.018673152,0.51,0.24,0.64,0.15,16.83584495,0
0.2,-0.147840259,0.78,0.13,0.17,-0.07,16.51734401,0
0.29,-0.144979749,0.61,0.09,0.34,-0.01,18.14863505,0
0.01,-0.144002556,0.43,0.1,0.33,0.05,16.0083646,0
0,-0.137357646,0.72,0.26,0.43,0.26,16.00790839,0
0.16,-0.143913721,0.4,0.75,0.13,0.58,16.31356449,0
0.12,-0.13963184,0.63,0.03,0.55,0.29,16.93763783,0
0.24,-0.139720676,0.94,0.21,0.28,-0.07,17.12452086,0
0.06,-0.131565558,0.77,0.05,0.52,0.2,16.12514634,0
0.01,-0.011228721,0.81,0.43,1.03,0.15,16.05281008,0
0.11,-0.135705302,0.42,0.05,0.56,0.38,17.4141883,0
0.02,-0.12484958,0.32,0.62,1.23,0.55,15.90286533,0
0.11,-0.148408807,0.89,0.15,0.38,-0.06,18.66696633,0
0.02,-0.139738443,0.55,0.02,0.4,0.25,15.92000026,0
0.21,-0.146845299,0.8,0.11,0.85,0.21,16.52212586,0
0.28,-0.092317947,0.4,0.05,0.53,0.45,18.2908231,0
0.22,-0.149457068,0.71,0.01,0.16,-0.16,16.24998889,0
0.07,-0.153987689,0.21,0.41,0.19,0.51,18.73937659,0
0.32,-0.147502683,0.78,0.01,0.18,-0.09,16.48837217,0
0.03,-0.108681482,0.52,0.28,0.61,0.36,15.90192622,0
0.06,-0.156492856,0.66,0.27,0.05,0.09,16.83156532,0
0.12,-0.150558631,0.74,0.1,0.49,-0.23,15.95679187,0
0.29,-0.14465994,0.16,0.61,0.32,0.43,18.04218423,0
0.02,0.195527485,0.33,0.2,0.39,0.57,19.02321895,0
0.09,-0.149688041,0.4,0.32,0.35,0.16,17.3119186,0
0.17,-0.138370373,0.73,0.13,0.36,0.16,17.92820949,0
0.11,-0.133164601,0.54,0.34,0.29,0.44,18.82508418,0
0.12,-0.147058504,0.86,0.12,0.24,0.08,16.53155446,0
0.23,-0.132720423,0.75,0.01,0.55,0.12,16.33859876,0
0.05,0.343350089,0.55,0.42,0.54,0.06,16.15027984,0
0.27,-0.136860166,0.6,0.03,0.52,0.17,16.33204062,0
0.1,-0.15453847,0.72,0.19,0.6,-0.05,16.01000463,0
0.43,-0.134994616,0.9,0.01,0.26,0.01,16.26205157,0
0.17,-0.136877933,0.62,0.14,0.49,0.08,16.59448491,0
0.59,-0.140697868,0.66,0.06,0.3,0.2,17.21287604,0
0.3,-0.120087986,0.35,0.02,0.78,0.64,19.62302265,0
0.13,-0.139436401,0.56,0.05,0.51,0.36,16.41364462,0
0.08,-0.137535317,0.44,0.42,0.43,0.48,18.77986191,0
0.15,-0.145868106,0.91,0.2,0.14,-0.02,17.47949322,0
0.04,-0.112785692,0.48,0.55,0.21,0.49,16.51158082,0
0.17,-0.149172794,0.45,0.08,0.44,0.07,17.90099467,0
0.12,-0.136877933,0.65,0.1,0.26,0.04,16.02064676,0
0.08,-0.119323999,0.46,0.42,0.37,0.28,19.74514706,0
0.05,-0.133875287,0.6,0.04,1.13,0.39,17.72812011,0
0.12,-0.14465994,0.43,0.3,0.42,0.26,19.03357666,0
0.04,4.816973754,0.34,0.21,0.42,0.55,20.61827199,0
0.53,-0.14627675,0.39,0.08,0.16,0.06,16.11787783,0
0.03,-0.143380706,0.74,0.01,0.28,0.22,16.39216681,0
0.03,-0.14465994,0.37,0.27,0.54,0.52,17.34722048,0
0.12,-0.143185268,0.74,0.24,0.24,0.21,16.12968928,0
0.13,-0.146116846,0.46,0.01,0.63,-0.08,16.86715803,0
0.01,-0.127727856,0.33,0.01,0.89,0.52,17.30197473,0
0.11,-0.127745623,0.35,0.07,0.55,0.31,17.53257304,0
0.37,-0.146543257,0.76,0.07,0.19,-0.03,16.57897667,0
0.05,-0.14465994,0.24,0.25,0.8,0.65,16.69984183,0
0.05,-0.098110034,0.35,0.43,0.14,0.56,18.29709968,0
0.11,-0.03111015,0.24,0.37,0.26,0.36,17.17774262,0
0.26,-0.147929094,0.82,0.03,0.16,-0.26,16.56593342,0
0.03,1.514382273,0.12,0.82,0.29,0.79,17.60151284,0
0.04,-0.12472521,0.44,0.67,0.58,0.33,24.00271809,0
0.06,17.71081808,0.56,0.08,0.32,0.4,17.7623729,0
0.11,-0.146472189,0.96,0.03,0.22,-0.06,17.7326134,0
0.13,-0.125524731,0.37,0.21,0.43,0.63,17.23040185,0
0,0.101059603,0.19,0.6,0.43,0.46,16.73425854,0
0.06,-0.130357393,0.17,0.05,0.87,0.1,18.51092009,0
0.23,-0.147342779,0.64,0.5,0.35,-0.02,16.00437047,0
0.24,-0.14465994,0.11,0.21,0.17,0.66,17.06828623,0
0.31,-0.115273091,0.43,0.22,0.43,0.32,17.63163285,0
0.13,-0.147236176,0.8,0.05,0.35,0.07,16.17393293,0
0.14,-0.125613567,0.6,0.05,0.54,-0.07,16.47573296,0
0.07,-0.146720929,0.6,0.1,0.66,0.06,21.77706971,0
0.08,-0.118257971,0.43,0.45,0.37,0.35,16.14298064,0
0.07,-0.10795303,0.71,0.12,0.53,0.21,17.62352245,0
0.2,-0.147555984,0.81,0.06,0.22,0.15,17.02442792,0
0.25,6.703595261,0.23,0.28,0.26,0.6,17.23551667,0
0.31,-0.065969278,0.21,0.29,0.23,0.16,17.79803169,0
0.08,-0.148870753,0.8,0.07,0.07,0.03,16.58105654,0
0.03,-0.105909809,0.36,0.42,0.48,0.38,15.92308513,0
0.38,-0.150292124,1.02,0.04,-0.07,-0.18,16.88003836,0
0.06,-0.125702402,0.39,0.52,0.22,0.16,17.85419992,0
0.11,-0.144375666,0.8,0.56,0.3,0.16,16.10635925,0
0.01,-0.067888129,0.59,0.45,0.23,0.4,16.61217158,0
0.04,-0.140360293,0.8,0.06,1.21,0.14,15.94741563,0
0.31,-0.145939175,0.74,0.04,0.29,0.05,16.52175707,0
0.12,-0.125578032,0.26,0.57,0.14,0.31,17.86576066,0
0.15,-0.125524731,0.42,0.15,0.81,0.44,16.54018317,0
0.04,-0.147591519,0.78,0.11,0.33,0.06,16.43308127,0
0.13,-0.136949002,0.66,0.06,0.38,0.07,22.20691612,0
0.02,-0.145210722,0.73,0.07,0.19,0.04,17.24000651,0
0.1,-0.037222046,0.29,0.55,1.05,0.12,18.55212036,0
0.16,-0.14515742,0.75,0.37,0.29,0.18,16.14751143,0
0.23,-0.147609286,0.93,0.09,0.23,0.05,16.22470179,0
0.14,-0.140786704,0.57,0.1,0.51,0.31,15.95303691,0
0.13,-0.06316207,0.07,0.51,0.36,0.27,16.19862163,0
0.01,-0.147165107,0.84,0.65,0.2,0.11,16.22962996,0
0.17,-0.145104119,0.86,0.31,0.26,0.05,17.31067634,0
0.31,-0.147342779,0.8,0.04,0.22,0.04,16.66088199,0
0.24,-0.10322697,0.14,0.37,0.4,0.42,16.72913063,0
0.13,-0.126821732,0.59,0.04,0.29,0.4,16.9991348,0
0.1,-0.112323746,0.32,0.05,0.29,0.27,16.25065984,0
0.01,-0.137855126,0.94,0.31,0.73,-0.2,16.51811925,0
0.15,-0.150825138,0.94,0.01,0.08,0.01,16.07096683,0
0.57,-0.14465994,0.11,0.04,0.67,0.73,19.79394096,0
0.13,-0.129433502,0.38,0.15,0.25,0.16,16.21201505,0
0.11,-0.147378313,0.82,0.23,0.31,0.12,16.19220262,0
0.01,-0.072738559,0.58,0.09,0.48,0.18,16.6353479,0
0.07,-0.139027757,0.72,0.1,0.56,0.22,16.2568241,0
0.23,-0.005969647,0.14,0.52,0.3,0.37,16.9859176,0
0.1,-0.145246256,0.59,0.13,0.25,0.19,16.63322518,0
0.16,-0.144197995,0.9,0,0.29,-0.01,15.93207699,0
0,-0.14776919,0.86,0.2,0.71,-0.12,19.2479032,0
0.05,-0.140768937,0.29,0.39,0.28,0.31,17.72150626,0
0.2,-0.142083705,0.77,0.09,0.5,0.1,17.9730092,0
0.12,-0.141301951,0.38,0.14,0.48,0.49,16.1280643,0
0.03,-0.13963184,0.76,0.1,0.55,0.15,17.60467706,0
0.03,-0.138992223,0.78,0.48,0.18,0.12,16.92020929,0
0.02,1.785881936,0.39,0.4,0.45,0.38,18.1458518,0
0.11,-0.078122002,0.24,0.17,0.69,0.38,16.74543358,0
0.01,-0.150185521,0.69,0.14,0.66,0.12,20.02615277,0
0.09,-0.145885873,0.74,0.21,0.11,0.02,19.32925547,0
0.28,-0.143913721,0.49,0.03,0.15,0.08,19.48567148,0
0.81,-0.148213368,0.49,0,-0.04,-0.11,17.34563391,0
0.27,-0.116410188,0.55,0.29,0.24,0.05,17.07856743,0
0.19,-0.132347313,0.72,0.18,0.56,0.25,16.48299838,0
0.06,-0.126413088,0.5,0.09,0.71,0.43,18.29570352,0
0.08,-0.116889901,0.49,0.03,0.57,0.37,17.86199262,0
0.19,-0.022652991,0.3,0.2,0.38,0.66,16.04097203,0
0.17,-0.144837612,0.79,0.19,0.38,0.08,16.15785074,0
0.09,-0.080147456,0.42,0.31,0.61,0.43,17.04205109,0
0.22,-0.075812274,0.65,0.09,0.27,0.3,16.20842947,0
0.08,-0.119181862,0.58,0.04,0.26,0.33,18.23129723,0
0.32,-0.004921386,0.12,0.36,0.51,0.35,16.57772522,0
0.02,-0.00632499,0.45,0.52,0.27,0.52,16.19709609,0
0.1,-0.127248143,0.5,0.32,0.38,0.35,16.78482216,0
0.24,-0.142670021,0.69,0.25,0.3,0.23,16.00392488,0
0.11,-0.152708455,0.61,0.21,0.4,-0.16,15.89588304,0
0.05,-0.178968287,0.21,0.4,0.17,0.75,17.32913896,0
0.01,-0.126946102,0.82,0.03,0.39,0.12,16.3335797,0
0.09,-0.141586225,0.65,0.19,0.36,0.04,18.15713175,0
0.52,-0.148088998,0.62,0.08,0.22,0.26,16.32382745,0
0.05,-0.146223449,0.6,0.62,1.39,0.4,16.33505387,0
0.02,-0.138725716,1.19,0,0.5,-0.23,16.02489117,0
0.17,-0.132827025,0.32,0.27,0.48,0.41,18.27277506,0
0.06,0.024572066,0.68,0.02,0.43,0.29,17.02697869,0
0.03,-0.133200135,0.42,0.36,0.35,0.16,16.1217954,0
0.04,-0.126857266,0.37,0.2,0.31,0.33,16.61680547,0
0.11,-0.139152127,0.44,0.2,1,0.25,16.66486302,0
0.11,-0.145708202,0.71,0.64,0.22,0.17,15.98419288,0
0.19,-0.148799684,0.64,0.29,0.14,0.22,17.77505492,0
0.04,-0.12298403,0.46,0.25,0.6,0.13,19.30092802,0
0.07,-0.112767925,0.57,0.42,0.5,0.21,17.9590776,0
0.14,-0.136966769,0.57,0.56,0.11,0.36,17.61434896,0
0.05,-0.144073625,0.71,0.03,0.32,0.19,16.21417953,0
0.09,-0.094609908,0.41,0.3,0.22,0.52,16.1120977,0
0.21,-0.142776624,0.81,0.1,0.16,-0.24,16.20624727,0
0.07,-0.140591265,0.42,0.26,0.27,0.13,18.75575887,0
0.28,-0.150896207,0.51,0.01,0.15,0.07,16.45068113,0
0.02,-0.151251549,0.44,0.35,0.27,0.2,17.60322731,0
0.09,-0.143540611,0.74,0.14,0.31,0.01,16.1360556,0
0.07,-0.152033304,0.38,0.45,0.16,0.59,16.67300105,0
0.08,-0.132720423,0.67,0.19,0.24,0.21,16.23185781,0
0.35,-0.146436654,0.71,0.43,0.3,-0.43,16.692609,0
0.09,-0.140804471,0.19,0.46,0.04,0.4,19.01204043,0
0.13,-0.133626547,0.61,0.42,0.31,0.25,16.61394677,0
0.1,-0.144055858,0.39,0.19,0.24,0.22,18.88870161,0
0.02,-0.144695475,0.84,0.08,0.24,0.13,16.28387912,0
0.28,-0.137108906,0.28,0.04,0.29,0.57,16.21871571,0
0.17,-0.189806243,0.66,0.23,-0.11,0.11,17.67665048,0
0.01,0.345677584,0.57,0.37,0.36,0.36,16.3209858,0
0.09,-0.064814414,0.32,0.27,0.45,0.62,18.68594511,0
0.06,-0.081728731,0.49,0.29,0.3,0.32,17.09064073,0
0.03,-0.044968519,0.49,0.24,0.35,0.35,17.05719117,0
0.18,-0.143540611,0.75,0.06,0.54,0.09,17.26480818,0
0.05,2.209077439,0.1,0.85,0.28,0.81,17.45818001,0
0.25,-0.149474835,0.58,0.11,1.07,0.2,18.31789154,0
0.12,0.219140014,0.2,0.03,0.63,0.68,16.17421499,0
0.12,-0.147680354,0.87,0.1,0.86,0.1,16.31172273,0
0.18,-0.154147593,1.06,0.03,0.53,-0.12,16.06512558,0
0.13,-0.139152127,0.61,0.1,0.32,0.28,16.36276662,0
0.02,-0.144109159,0.83,0.04,0.06,0.11,16.95624485,0
0.14,-0.127408048,0.53,0.43,0.39,0.23,16.01285613,0
0.51,-0.113212103,0.71,0,0.54,0.22,15.98176469,0
0.09,-0.131423421,0.5,0.2,0.37,0.39,16.40516078,0
0.09,-0.145583832,0.6,0.36,0.49,0.04,20.55425857,0
0.3,-0.143718282,0.46,0.04,0.39,0.52,16.15319432,0
0.12,-0.14465994,0.6,0.34,1.39,0.15,16.81314303,0
0.03,4.26805797,0.35,0.28,0.39,0.1,19.24411201,0
0.32,-0.145672667,0.77,0.01,0.11,0.08,17.28642733,0
0.18,-0.012632325,0.16,0.19,0.66,0.71,17.1118935,0
0.05,1.582217213,0.75,0.13,0.8,0.18,16.22799901,0
0.08,-0.11546853,0.18,0.11,0.33,0.26,17.50238358,0
0.21,-0.144642173,0.66,0.13,0.23,0.27,16.55261005,0
0.23,-0.139791744,0.33,0.39,0.39,0.61,16.87861471,0
0.04,-0.145335092,0.82,0.18,0.41,0.09,15.99388967,0
0.03,0.477474227,0.57,0,0.25,0.22,18.78367636,0
0.23,11.00940829,0.09,0.25,0.37,0.6,17.13414563,0
0.12,-0.094023592,0.24,0.38,0.5,0.21,16.41637621,0
0.26,-0.146987436,0.93,0.03,0.57,-0.04,16.03097521,0
0.26,-0.151091645,0.6,0.59,0.09,0.3,16.67093602,0
0.02,-0.138583579,0.66,0.03,0.39,0.26,17.0118357,0
0.1,-0.098767418,0.45,0.19,0.38,0.3,18.17006119,0
0.1,-0.076700631,0.37,0.42,0.78,0.43,16.77442028,0
0.01,-0.046229986,0.34,0.53,0.61,0.4,16.83903109,0
0.04,-0.14137302,0.56,0.08,0.59,0.38,16.87959404,0
0.12,-0.144535571,0.57,0.08,0.94,0.08,19.59737338,0
0.08,-0.137695222,0.48,0.27,0.57,0.42,16.1835279,0
0.09,-0.14577927,0.67,0.18,0.44,0.15,16.58048795,0
0.36,-0.146312284,0.69,0.05,0.33,0.08,17.28884427,0
0.1,-0.140822238,0.57,0.05,0.42,0.27,16.05436768,0
0.15,-0.139365333,0.66,0.07,0.72,0.2,16.48365376,0
0,-0.083185637,0.39,0.52,0.49,0.45,18.53586002,0
0.27,-0.144571105,0.74,0.07,0.25,0.21,16.35745493,0
0.05,-0.140893307,0.74,0.12,0.58,0.24,16.27958982,0
0.11,-0.14839104,0.81,0.06,0.38,0.15,16.84401312,0
0.14,-0.147005203,0.83,0.06,0.48,-0.14,15.9139755,0
0.19,-0.11497105,0.2,0.39,0.28,0.79,15.91267941,0
0.01,-0.134532671,0.74,0.24,0.29,0.21,16.53593548,0
0.04,-0.115788338,0.48,0.46,0.63,0.05,16.23134603,0
0.15,-0.143842652,0.31,0.09,1.04,0.57,17.19347885,0
0.03,-0.14465994,0.31,0.78,1.32,0.68,18.10747736,0
0.02,-0.094272332,0.19,0.85,0.36,0.7,18.39936814,0
0.1,-0.140324758,0.56,0.12,0.71,0.04,16.80253705,0
0.29,-0.028231873,0.42,0.17,1.49,0.4,17.47195011,0
0.03,-0.042729859,0.52,0.44,0.35,0.2,16.83131204,0
0.04,-0.140857773,0.57,0.18,0.57,0.22,17.69831532,0
0.09,-0.144837612,0.74,0.11,0.56,0.12,17.45487658,0
0.16,-0.139720676,0.5,0.01,0.12,0.01,18.2361729,0
0.02,-0.122042372,0.41,0.2,0.39,0.47,20.14631651,0
0.06,-0.129859913,0.67,0.15,0.54,0.17,20.93522682,0
0.1,-0.154076525,0.58,0.54,0.23,0.11,16.91357304,0
0.05,-0.061225452,0.11,0.58,0.29,0.33,16.87721379,0
0.04,-0.148088998,0.85,0.1,0.15,0.03,16.27646795,0
0.13,-0.119466136,0.38,0.11,0.65,0.59,17.13308123,0
0.06,-0.14000495,0.81,0.52,0.12,0.09,17.67433477,0
0.12,-0.114953283,0.31,0.38,0.62,0.43,16.80163972,0
0.2,-0.142332445,0.47,0.06,0.43,0.23,16.9003789,0
0.22,-0.159779776,0.18,0.08,0.2,0.21,16.90791141,0
0.06,-0.141159814,0.78,0.01,0.26,0.09,16.25097177,0
0.38,-0.065080921,0.23,0.17,0.46,0.52,19.84082001,0
0.15,-0.146241216,0.7,0.57,0.13,0.2,16.96644718,0
0.18,0.33539041,0.1,0.66,0.19,0.24,16.69260078,0
0.05,-0.125133854,0.28,0.44,0.74,0.18,16.36014849,0
0.12,-0.118666615,0.3,0.12,0.49,0.61,16.53274994,0
0.27,-0.142367979,0.66,0.03,0.31,0.09,17.93575375,0
0.08,-0.144286831,0.79,0.02,0.19,0.1,16.65670217,0
0.11,7.797749032,0.36,0.35,0.93,0.42,18.12489005,0
0.02,-0.098021198,0.42,0.1,1.13,0.47,16.45646024,0
0.11,-0.14478431,0.68,0.08,0.29,0.17,16.69413042,0
0.77,-0.155568964,0.76,0.02,-0.04,0.04,16.99909929,0
0.19,-0.145335092,0.8,0.03,0.5,0.14,16.19483685,0
0.08,-0.127408048,0.49,0.2,0.45,0.22,17.87043445,0
0.09,-0.142794391,0.88,0,0.56,0.05,16.09760617,0
0.08,2.374098634,0.24,0.27,0.55,0.24,17.54752847,0
0.1,-0.14465994,0.38,0.2,0.41,0.08,20.29481723,0
0.1,-0.141834965,0.56,0,0.24,0.02,20.6140823,0
0.08,-0.151358152,0.77,0.45,0.06,0.01,17.71089946,0
0.11,-0.132773724,0.47,0.18,1,0.2,18.5944458,0
0.06,-0.145335092,0.43,0.21,0.12,0.13,16.45807388,0
0.13,-0.140591265,0.42,0.18,0.17,0.21,19.57400208,0
0.04,-0.144926448,0.92,0.08,0.47,-0.55,15.97778062,0
0.12,-0.144606639,0.59,0.05,0.59,0.34,17.59165925,0
0.06,-0.139329799,0.56,0.25,0.99,0.33,16.00068887,0
0.22,0.335958958,0.38,0.2,1.24,0.47,16.10756409,0
0.17,-0.146187915,0.58,0.22,0.52,0.19,17.61707512,0
0.18,-0.14515742,0.73,0,0.28,0.12,18.8229838,0
0.05,-0.14465994,0.37,0.29,0.29,0.39,16.75319901,0
0.01,-0.138779017,0.94,0.31,0.11,0.01,17.55383318,0
0.15,-0.094414469,0.43,0.07,0.48,0.45,18.60347483,0
0.07,-0.14465994,0.13,0.75,0.49,0.7,16.81638399,0
0.08,-0.141817198,0.77,0.06,0.44,0.14,16.25544556,0
0.06,0.344700391,0.25,0.78,0.37,0.48,17.35209243,0
0.02,-0.14465994,0.32,0.21,0.47,0.48,16.05202433,0
0.32,-0.148337738,0.72,0.15,0.24,0.17,16.51280101,0
0.29,-0.142598952,0.62,0.18,0.43,0.15,16.04290335,0
0.17,3.618473571,0.12,0.74,0.24,0.67,17.13370014,0
0.06,0.002132169,0.56,0.32,0.35,0.34,20.35731341,0
0.18,-0.146738696,0.25,0.25,0.34,0.25,15.9131176,0
0.13,-0.131263517,0.36,0.26,0.51,0.03,15.93547737,0
0.32,-0.15839394,0.84,0.17,-0.03,0.1,16.57773052,0
0.32,-0.15379225,0.9,0.12,1.08,-0.06,16.43569658,0
0.39,-0.129913214,0.74,0.01,0.3,0.05,16.49573307,0
0.35,-0.143025364,0.8,0.01,0.42,0.08,16.66944917,0
0.2,-0.149155027,0.41,0.61,0.08,0.28,17.85338087,0
0.14,-0.137410947,0.52,0.15,0.29,0.23,16.09015451,0
0.08,-0.144144693,0.48,0.63,0.19,0.28,17.61341209,0
0.49,-0.12285966,0.44,0.1,0.38,0.32,17.28876677,0
0.01,-0.102072106,0.35,0.61,0.66,0.49,16.83452777,0
0.09,-0.144731009,0.88,0.05,0.3,0.06,16.45469245,0
0.24,0.058542837,0.44,0.08,0.37,0.2,17.0897722,0
0.4,-0.152175441,0.45,0.19,0.42,0.25,16.50472256,0
0.31,-0.148622013,0.8,0.2,0.25,-0.05,16.95130816,0
0.09,-0.135740836,0.75,0.04,0.26,0.2,15.98941795,0
0.01,-0.060532534,0.32,0.39,1.15,0.61,16.16197808,0
0.06,-0.135954042,0.72,0.02,0.15,0.15,16.56223126,0
0.21,-0.143682748,0.87,0.07,0.47,-0.32,16.01990007,0
0.33,-0.146312284,0.67,0,0.23,-0.03,15.99564425,0
0.1,-0.118773218,0.7,0.32,0.44,0.27,16.58828214,0
0.22,-0.164594671,0.52,0.29,-0.03,0.11,16.60694538,1
0.04,-0.147733656,0.76,0.06,0.25,0.01,16.40933192,1
0.07,-0.141675061,0.63,0.22,0.13,0.3,17.21388269,1
0.33,-0.148426574,0.84,0.13,0.14,0.1,16.30826103,1
0.33,-0.150825138,0.91,0,0.06,-0.13,16.29386101,1
0.09,-0.154254196,1.28,0.15,0.31,-0.37,17.3318487,1
0.11,-0.147058504,0.95,0.02,0.23,-0.03,16.4775474,1
0.18,-0.144695475,0.64,0.2,0.54,0.2,16.00606583,1
0.18,-0.15025659,0.92,0.04,0.16,-0.15,16.1248926,1
0.09,0.078744075,0.14,0.47,0.23,0.08,17.28991159,1
0.03,-0.14540616,0.76,0.04,0.26,0.17,16.54209494,1
0.12,-0.146934134,0.77,0.05,0.14,0.09,17.31554559,1
0.17,-0.147502683,0.71,0.03,0.34,0.03,16.70711001,1
0.34,-0.151695728,0.84,0.03,0.06,-0.01,17.1684218,1
0.11,-0.148941821,0.88,0.09,0.45,0.03,16.89041721,1
0.15,-0.149368233,0.75,0.07,0.13,-0.03,16.41892724,1
0.03,-0.147325011,0.89,0.01,0.28,-0.06,15.96367677,1
0.49,-0.152477482,0.96,0.04,0.83,-0.24,17.80508008,1
0.43,-0.145477229,0.86,0.06,0.24,-0.02,16.40086266,1
0.14,-0.148710848,0.75,0.02,0.34,0.13,15.9536735,1
0.43,-0.15516032,0.64,0.18,-0.17,-0.1,18.20117266,1
1.09,-0.1481423,0.8,0.02,0.15,0.06,15.89823109,1
0.29,-0.144162461,1.02,0.02,0.5,-0.33,15.99273456,1
0.12,-0.148000163,0.95,0.03,0.18,0.02,16.53060019,1
0.5,-0.148781917,0.78,0.05,0.34,0.11,15.93441317,1
0.12,-0.148746383,0.79,0.1,0.13,-0.01,17.19821214,1
0.05,-0.151713495,0.95,0.1,0.07,-0.09,17.44190464,1
0.12,-0.161911833,0.33,0.75,0.05,-0.6,17.17609353,1
0.32,-0.156919267,0.99,0.19,0.05,-0.3,18.1361803,1
0.01,-0.150416494,0.81,0.01,0.26,-0.46,17.18229781,1
0.25,-0.15478721,0.84,0.02,0.06,-0.09,16.71183197,1
0.05,-0.147627053,0.81,0.53,0.26,0.12,16.72275189,1
0.01,-0.145868106,0.71,0.07,0.26,0.14,16.18892683,1
0.14,-0.15379225,1.13,0.16,0.52,-0.34,16.98830165,1
0.52,-0.147467149,0.7,0.01,0.26,0.14,17.16632479,1
0.19,-0.151553591,0.93,0.05,-0.09,-0.2,15.92692243,1
0.26,-0.143878186,0.8,0.06,0.43,0.09,16.38887792,1
0.14,-0.148462108,0.9,0.23,0.53,0.07,16.35555599,1
0.27,-0.146045777,0.85,0.08,0.24,-0.04,16.71653806,1
0.17,-0.14839104,0.88,0.05,0.17,0.02,16.17640965,1
0.36,-0.156226348,0.95,0.03,1.03,-0.2,16.66283244,1
0.2,-0.151429221,0.82,0,0.06,0.07,16.36009369,1
0.59,-0.154343032,1.12,0.09,-0.21,-1,15.92979835,1
0.13,-0.146845299,1.24,0.07,0.57,-0.28,16.84458108,1
0.52,-0.1468986,0.73,0.07,0.37,0.1,16.75100534,1
0.27,-0.143078665,0.85,0.05,0.27,0.03,17.33678097,1
0.58,-0.152672921,0.68,0.56,0.09,-0.13,18.00978099,1
0.17,-0.146543257,0.78,0.01,0.57,0.12,16.47323969,1
0.89,-0.151677961,0.92,0.09,0.04,-0.58,16.81844265,1
0.13,-0.155231389,0.9,0.1,0.2,-0.12,16.39439961,1
0.11,-0.149901247,1.18,0.01,0.12,-0.22,16.11568475,1
0.1,-0.148177834,0.65,0.23,0.15,0.15,16.39605279,1
0.36,-0.148550944,0.79,0,0.19,-0.06,16.01395983,1
0.33,-0.145175188,0.69,0.04,0.16,0.14,18.59622921,1
0.04,-0.151642426,0.63,0.09,-0.46,-0.3,16.26674192,1
0.11,-0.145956942,0.85,0,0.5,0.03,16.50268606,1
0.09,-0.159086858,1.45,0.1,-0.2,-0.59,15.91204776,1
0.08,-0.14465994,1.3,0.01,0.22,-0.34,16.0663908,1
0.22,-0.1468986,0.9,0.01,0.27,0.07,18.37746043,1
0.44,-0.1581452,0.84,0.1,-0.06,0.01,17.06385881,1
0.13,-0.151216015,0.99,0.06,0.01,-0.18,16.75822431,1
0.07,-0.14776919,0.83,0.04,0.37,0.14,17.41232097,1
0.31,-0.144731009,0.66,0.05,0.21,0.03,16.37100994,1
0.03,-0.147058504,0.71,0.01,0.32,0.19,16.31617588,1
0.27,-0.154094292,0.88,0.06,0.01,-0.19,17.22848225,1
0.12,-0.144055858,0.71,0.02,0.32,0.09,15.94007113,1
0.16,-0.149314931,0.97,0.03,0.2,-0.26,16.17421934,1
0.16,-0.144464502,0.97,0.01,0.93,-0.1,15.90306659,1
0.11,-0.145566065,0.75,0.02,0.28,0.09,16.93072788,1
0.38,-0.148604246,0.81,0,0.14,0.07,16.35954534,1
0.44,-0.143309638,0.75,0.01,0.41,0.11,16.74501643,1
0.09,-0.150967275,0.93,0.03,0.01,-0.09,16.32912832,1
0.05,-0.145725969,0.75,0.05,0.47,0.15,16.18408009,1
0.17,-0.149492603,0.84,0.2,0.19,-0.1,17.50312183,1
0.28,-0.146099079,0.83,0.17,0.35,0.04,16.33663631,1
0.19,-0.149847945,0.99,0.03,0.41,-0.2,15.99264648,1
0.08,-0.143789351,0.9,0.02,0.75,-0.03,15.9284009,1
0.19,-0.145690435,0.81,0.01,0.46,-0.05,16.72713188,1
0.52,-0.149297164,0.84,0.01,0.51,-0.09,16.31183346,1
0.36,-0.145690435,0.79,0.1,1.05,0.17,16.40396518,1
0.26,-0.145832572,0.69,0.01,0.29,0.1,16.16738988,1
0.26,-0.145370626,0.72,0.08,0.16,0.07,16.06457862,1
0.01,-0.147307244,0.64,0,0.12,0.04,16.30047121,1
0.24,-0.151358152,0.97,0.06,0.05,0.05,19.81105983,1
0.03,-0.151500289,0.88,0.1,0.01,-0.2,18.55749209,1
0.27,-0.138974456,0.36,0.34,0.1,0.08,17.32946083,1
0.62,-0.158553844,0.71,0.03,0.37,-0.19,16.88489749,1
0.91,-0.167366345,0.71,0.12,-0.11,-0.68,16.19934793,1
0.06,-0.148071231,0.88,0.07,0.67,0.06,15.92402984,1
0.32,-0.15590654,0.72,0.5,0.01,-0.18,17.31186881,1
0.11,-0.14149739,1.05,0.04,0.89,-0.42,16.48322469,1
0.22,-0.150185521,1.46,0.06,0.02,-0.55,16.84222397,1
0.42,-0.14627675,0.27,0.7,0.02,0,19.0771267,1
0,-0.145441695,0.5,0,0.13,0.42,15.96011863,1
0.32,-0.146099079,0.81,0.07,0.28,0.1,16.46695288,1
0.17,-0.143167501,0.74,0.38,0.24,0.05,17.48912598,1
0.28,-0.13739318,0.66,0.19,0.43,0.15,17.66510071,1
0.22,-0.142865459,0.49,0.05,0.33,-0.02,16.04637223,1
0.44,-0.151127179,0.93,0.09,0.2,-0.03,16.17950886,1
0.18,-0.138494743,0.76,0.05,0.6,0.2,16.94342622,1
0.26,-0.068918623,0.91,0.33,1.11,0.07,16.99192767,1
0.14,-0.148426574,0.93,0.3,0.42,-1.6,17.63058259,1
0.1,-0.147236176,0.64,0.24,-0.05,-0.11,17.63887112,1
0.33,-0.156297417,1.01,0,0.25,-0.3,15.9413389,1
0.08,-0.144766543,0.81,0.01,0.28,-0.02,16.21729535,1
0.62,-0.144748776,0.76,0.01,0.31,0.04,17.27520663,1
0.39,-0.147911327,0.87,0.01,0.15,-0.12,16.12045586,1
0.25,-0.147591519,0.79,0.01,0.36,0.14,16.32999195,1
0.17,-0.145459462,0.81,0.05,0.31,0.1,16.22112631,1
0.82,-0.142101472,0.99,0,0.37,-0.06,17.07004688,1
0.2,-0.14490868,0.76,0.05,0.18,0.03,16.61646763,1
0.14,-0.145992476,0.74,0.13,0.35,0.23,16.6434159,1
0.06,-0.134568205,0.54,0.04,0.71,0.15,16.28368805,1
0.21,-0.145566065,0.84,0.03,0.42,0.03,17.18802053,1
0.08,-0.147502683,0.78,0.04,0.19,0.07,16.11197697,1
0.24,-0.15416536,0.72,0.36,-0.08,-0.14,15.99456042,1
0.24,-0.143984789,0.96,0.04,0.46,-0.09,16.85194759,1
0.02,-0.144162461,0.76,0.05,0.48,0.07,15.96135073,1
0.02,-0.150469795,0.79,0.01,0.56,-0.11,16.31084135,1
0.13,-0.153205935,0.69,0.01,0.07,-0.33,16.71443833,1
0.11,-0.147129573,0.7,0.09,0.15,0.11,16.01829366,1
0.11,-0.148426574,0.84,0.09,0.11,0.05,18.25380773,1
0.13,-0.138690182,0.77,0.01,0.64,0.17,17.02700327,1
0.05,-0.144269063,0.77,0.39,0.22,0.08,17.69237301,1
0.29,-0.149030657,0.87,0.03,0.13,0.08,16.41995929,1
0.46,-0.143398474,0.96,0.03,0.4,0.03,16.04218487,1
0.46,-0.147627053,0.81,0.12,0.15,-0.07,16.46466651,1
0.14,-0.152282043,0.59,0.22,0.08,-0.07,17.61215106,1
0.14,-0.151784564,1.02,0.1,0.11,-0.19,17.76253373,1
0.14,-0.1418705,0.79,0.31,0.41,0.01,16.08747571,1
0.36,-0.143114199,0.76,0.01,0.51,0.09,16.23056325,1
0.31,-0.157470048,0.85,0.1,-0.08,-0.39,16.60832155,1
0.16,-0.142723322,0.68,0,0.35,0.11,16.90212723,1
0.01,0.037826352,0.47,0.54,0.74,0.5,17.13158013,1
0.21,-0.1468986,0.98,0.14,0.26,-0.05,16.63895481,1
0.25,-0.134408301,0.73,0.04,0.6,0.17,17.04545723,1
0.1,-0.147111806,0.81,0.06,0.16,0.04,16.32895105,1
0.42,-0.139063291,0.71,0.09,0.25,0.12,17.50573411,1
0.45,-0.146827532,1.18,0.02,0.39,-0.48,16.12374109,1
0.06,-0.15652839,1.33,0.54,0.17,-0.92,16.16316634,1
0.02,-0.145566065,0.64,0.23,0.41,0.17,16.64598173,1
0.43,-0.1581452,0.9,0.25,-0.26,-0.31,17.64921964,1
0.38,-0.148657547,0.8,0.01,0.22,-0.13,15.96884757,1
0.12,-0.147786957,0.73,0.15,0.22,0.07,17.97928642,1
0.24,-0.153436908,1.03,0.08,-0.05,-0.25,16.52164987,1
0.31,-0.142314678,0.75,0.01,0.31,0.15,17.39223676,1
0.17,-0.148728615,0.6,0.12,0.14,0.12,16.31203265,1
0.42,-0.143682748,0.69,0.21,0.26,0.04,16.79013211,1
0.03,-0.146632093,0.85,0.05,0.27,-0.03,16.33584637,1
0.09,-0.139827278,0.81,0.1,0.29,0.1,17.40531302,1
0.06,-0.145388393,0.75,0.09,0.42,0.15,17.32624146,1
0.09,-0.146791997,0.77,0.14,0.21,0.08,16.30862328,1
0.87,-0.196699893,0.54,0.09,0.12,-0.56,15.90493634,1
0.35,-0.151020577,0.97,0,0.01,-0.18,16.02591029,1
0.01,-0.14000495,0.8,0.02,0.32,0.02,16.34164856,1
0.09,-0.150736302,1.11,0.01,0.21,-0.25,16.51851043,1
0.02,-0.155871006,1.11,0.17,0.11,-0.35,16.25797811,1
0.09,-0.14465994,0.29,0.4,0.19,0.46,17.20201908,1
0.41,-0.144322365,0.7,0.04,0.36,-0.07,16.04616905,1
0.08,-0.14677423,0.77,0.03,0.32,0.09,16.16314311,1
0.25,-0.156244116,0.82,0.03,-0.25,-0.1,16.86637636,1
0.1,-0.146756463,0.86,0.02,0.28,0.05,16.75031836,1
0.33,-0.147911327,0.83,0.23,0.78,0.05,16.29950337,1
0.16,-0.137233276,0.55,0.06,0.67,0.07,16.17383495,1
0.04,-0.139614073,0.48,0.09,0.29,0.23,16.68424547,1
0.08,-0.162267176,0.5,0.04,-0.16,-0.13,16.60687565,1
0.11,-0.152353112,1.06,0.27,0.42,-0.46,15.95280536,1
0.21,-0.147182874,0.7,0.04,0.48,-0.22,18.28957269,1
0.11,-0.150345425,0.93,0.07,0.09,-0.13,16.13866279,1
0.11,-0.13211634,0.4,0.4,0.68,0.13,16.33214986,1
0.34,-0.144535571,0.45,0.06,0.19,0.17,16.78764769,1
0.17,-0.142598952,0.7,0.29,0.49,0.1,17.69036983,1
0.43,-0.136860166,0.52,0.19,0.22,0.16,17.07613778,1
0.13,-0.151589125,0.85,0.06,0.1,0,16.15394569,1
0.1,-0.14099991,0.7,0.06,0.38,0.02,16.51724741,1
0.04,-0.150114452,0.91,0,0.19,0.02,16.10477442,1
0.13,-0.154840512,1.08,0.12,0.23,-0.22,16.0648436,1
0.52,-0.144464502,0.69,0.12,0.44,-0.06,17.43681221,1
0.06,-0.143487309,0.81,0.06,0.18,0.08,16.77356568,1
0.2,-0.143967022,0.58,0.05,0.27,0.16,17.86456816,1
0.07,-0.141017677,0.88,0.04,0.73,-0.07,16.29682861,1
0.09,-0.148977355,0.88,0,0.28,0.01,16.33324969,1
0.17,-0.157363445,1.21,0.02,0.67,-0.23,16.74848454,1
0.51,-0.153134866,1.24,0.04,0.19,-0.39,16.82107642,1
0.09,-0.140040484,0.73,0.25,0.39,0.24,16.58169739,1
0.14,-0.145761503,0.68,0.13,0.27,0.18,17.01064899,1
0.15,-0.138921154,0.72,0.04,0.48,0.1,16.57735281,1
0.42,-0.146258983,0.55,0.07,0.31,0,16.51379887,1
0.11,-0.150434261,0.97,0.39,0.08,-0.33,16.48809909,1
0.12,-0.143700515,0.67,0.1,0.34,0.23,16.23772835,1
0.28,-0.151837865,0.54,0.59,0.17,0.07,17.84471562,1
0.31,-0.141906034,0.76,0.02,0.62,0.05,16.27313165,1
0.28,-0.154893813,0.88,0.13,0.01,-0.08,17.34143346,1
0.02,-0.145725969,0.87,0.02,0.23,0.01,16.19120391,1
0.12,-0.13714444,0.74,0.03,0.34,0.18,17.1778861,1
0.08,-0.140662334,0.81,0.07,0.24,0.1,17.13096863,1
0.3,-0.146383353,0.85,0.03,0.19,0.03,15.96526307,1
0.05,-0.150221055,0.93,0.06,0.13,-0.19,16.03557248,1
0.21,-0.148106766,1.02,0.12,0.19,-0.11,16.51587644,1
0.42,-0.145672667,0.82,0.14,0.85,-0.04,16.22962683,1
0.03,-0.143807118,0.8,0.3,0.31,0.09,16.41900503,1
0.06,-0.142492349,0.62,0.17,0.88,0.27,16.38843602,1
0.21,-0.144873146,0.79,0.19,0.14,0.09,16.3801858,1
0.12,-0.144695475,0.72,0.16,0.38,0.22,16.36125851,1
0.27,-0.133964122,0.82,0.14,0.23,0.1,17.27838108,1
0.17,-0.144997516,0.77,0.17,0.62,0.06,15.94475306,1
0.13,-0.15379225,0.91,0.07,0.48,-0.43,16.44540439,1
0.08,-0.14503305,0.85,0.04,0.27,0.06,16.36982829,1
0.07,-0.154023223,1.03,0.03,0.08,-0.11,16.80835211,1
0.15,-0.146969669,0.75,0.18,0.34,0.09,16.07088412,1
0.23,-0.146703162,0.28,0.28,0.25,0.06,17.72353126,1
0.04,-0.151518056,0.9,0,0.2,-0.17,16.26313529,1
0.04,-0.14590364,0.71,0.03,0.13,0.17,16.33487741,1
0.07,-0.153152633,0.83,0.02,0.11,-0.1,16.30258095,1
0.07,-0.144873146,1.01,0.08,0.4,-0.15,16.01894382,1
0.03,-0.146951902,0.79,0.03,0.32,0.06,16.22603645,1
0.21,-0.13801503,0.79,0.03,0.45,-0.17,16.30470276,1
0.25,-0.143256336,0.75,0.08,0.12,0.07,16.43676914,1
0.27,-0.143434008,0.77,0.1,0.41,0.07,16.04625405,1
0.13,-0.152459715,0.92,0.09,-0.01,-0.1,15.95296744,1
0.18,-0.150309891,0.79,0.24,0.14,-0.38,19.42844923,1
0.18,-0.147627053,0.96,0.01,0.33,-0.06,16.62660622,1
0,-0.166122645,1.1,0.11,0.93,-0.65,16.6836467,1
0.04,-0.148710848,0.44,0.1,0.83,-0.04,15.90468508,1
0.03,-0.152139906,0.92,0.19,0.24,-0.02,16.02178792,1
0.43,-0.141923801,0.41,0.06,0.12,0.55,16.7062287,1
0.3,-0.149705808,0.94,0.03,0.56,-0.13,17.6979302,1
0,-0.147431614,0.98,0.42,0.46,-0.27,16.03690425,1
0.52,-0.156723828,0.98,0.07,-0.14,-0.6,16.44229495,1
0.16,-0.152974962,0.92,0.02,0.04,-0.12,17.38602463,1
0.03,-0.179252562,1.32,0.05,0.03,-0.86,16.03749008,1
0.19,-0.142723322,0.74,0.11,0.29,0.14,16.49893276,1
0.05,-0.146667627,0.92,0.07,0.16,-0.01,17.96175921,1
0.14,-0.146063545,0.85,0.01,0.15,-0.02,16.5294413,1
0.43,-0.162480382,0.81,0.3,0.04,-0.15,16.91990623,1
0.13,-0.148977355,0.88,0.17,0.3,-0.19,16.09149887,1
0.15,-0.149705808,0.97,0.16,0.2,-0.29,17.73329655,1
0.1,-0.148000163,0.6,0.04,-0.23,-0.02,18.41886008,1
0.17,-0.146170147,0.5,0.09,0.77,0.15,16.92054386,1
0.12,-0.189362064,1.36,0,-0.7,-0.46,16.17954139,1
1.55,-0.151766796,1.22,0.1,0.07,-0.3,16.89897148,1
0.19,-0.151411454,1.01,0.02,0.05,-0.43,16.14616013,1
0.23,-0.149190561,0.89,0,0.94,-0.16,16.23324429,1
0.23,-0.142030404,0.67,0.05,0.31,0.07,16.78653422,1
0.7,-0.148337738,0.97,0.01,0.02,-0.19,16.57642964,1
0.25,-0.135882973,0.71,0.1,0.54,0.05,16.95989725,1
0.37,-0.151287084,0.87,0.06,0.28,-0.12,16.23876093,1
0.02,-0.176889532,1.5,0.57,0.75,-1.05,17.51211574,1
0.08,-0.144642173,0.72,0.13,0.57,0.11,16.82496604,1
0.52,-0.154112059,1.32,0.05,0.69,-0.42,16.11614695,1
0.25,-0.147431614,0.75,0.33,0.27,0.03,16.32691064,1
0.05,-0.168059264,1.1,0.02,0.02,-0.13,16.65910757,1
0.15,-0.141106513,0.66,0.28,0.34,-0.08,15.91876201,1
0.19,-0.14876415,0.87,0.25,0.1,0.05,17.0248297,1
0.29,-0.149972315,0.98,0.19,0.22,-0.04,16.10758551,1
0.28,-0.145015283,0.74,0.31,0.15,0.09,16.59536011,1
0.16,-0.14677423,0.75,0.07,0.24,0.16,16.06398238,1
0.23,-0.14752045,0.72,0,0.23,0.03,16.60033166,1
0.13,-0.152743989,0.82,0.01,0.1,-0.19,16.20808461,1
0.76,-0.149581438,0.59,0.01,0.17,0.24,17.13600947,1
0.13,-0.149528137,0.87,0.15,-0.51,-0.12,16.60128762,1
0.08,-0.144055858,0.75,0.09,0.44,0.03,16.62655871,1
0.12,-0.148177834,0.96,0.01,0.32,-0.15,16.2984441,1
0.28,-0.146827532,0.61,0.22,0.17,0.07,16.34741505,1
0.08,-0.145352859,0.78,0.2,0.33,0.04,15.9761864,1
0.09,-0.14540616,0.81,0.15,0.37,-0.04,16.0041449,1
0.01,-0.150363192,1.2,0.11,1.77,-0.64,16.84198137,1
0.71,-0.148106766,0.79,0.02,0.28,0.05,16.32288369,1
0.15,-0.146330052,0.94,0.02,0.25,-0.09,15.97703369,1
0.34,-0.145264023,0.8,0,0.24,0.04,16.36506314,1
0.17,-0.146383353,0.79,0.3,0.65,0.16,16.71268474,1
0.57,-0.140271457,0.76,0.05,0.31,0.08,17.45472395,1
0.36,-0.144606639,0.81,0,0.33,0.04,15.97342924,1
0.02,-0.149474835,0.93,0.11,0.27,-0.06,17.0082251,1
0.33,-0.140306991,0.48,0.09,0.27,0.23,16.151587,1
0.14,-0.146045777,0.86,0.02,0.35,0.05,16.30606788,1
0.05,-0.145566065,0.8,0.34,0.12,0.05,16.76090298,1
0.17,-0.144215762,0.92,0.01,0.68,0.05,16.22810831,1
0.26,-0.144269063,0.84,0.02,0.41,-0.05,15.92144833,1
0.03,-0.156350718,1.05,0.13,0.48,-0.21,16.14461693,1
0.18,-0.169622772,1.22,0.14,-0.5,-0.51,18.25698737,1
0.25,-0.148124533,0.83,0.12,0.28,0.11,16.61917877,1
0.2,-0.150043384,1.07,0.03,-0.09,-0.13,15.9551052,1
0.11,-0.143043131,0.77,0,0.76,0.04,17.79866718,1
0.09,-0.146703162,0.71,0.01,0.46,-0.01,16.39147168,1
0.33,-0.142989829,0.78,0.04,0.32,0.06,16.02122764,1
0.1,-0.151589125,0.94,0.01,0.35,-0.05,16.3703074,1
0.03,-0.146312284,0.86,0.17,0.22,0.09,16.44944881,1
0.36,-0.143469542,0.77,0.01,0.34,0.08,16.89620277,1
0.09,-0.138743483,0.8,0.12,0.75,0.04,16.51524212,1
0.17,-0.151411454,0.9,0,0.06,-0.02,16.08741199,1
0.3,-0.159459968,0.87,0.02,0.42,-0.07,16.48729407,1
0.21,-0.146134613,0.83,0.01,0.44,0.05,16.19954116,1
0.28,-0.140840005,0.77,0.13,0.2,0.05,16.79757034,1
0.06,-0.189219927,1.51,0.23,0.08,-0.69,17.45793698,1
0.05,-0.142261377,0.88,0.74,0.06,0.05,16.89660639,1
0.13,-0.153117099,0.75,0.53,0.48,0,16.10415148,1
0.03,-0.148533177,0.88,0.07,0.26,0.02,16.10488872,1
0.24,-0.14137302,0.83,0.07,0.48,0.02,16.07027243,1
0.14,-0.135492096,0.99,0.01,1.23,-0.14,16.10246716,1
0.21,-0.160223955,1.01,0,-0.37,-0.24,16.18887214,1
0.32,-0.148622013,0.83,0.03,0.33,0,16.23170805,1
0.21,-0.148604246,0.84,0.11,0.38,-0.36,17.41218102,1
0.13,-0.125578032,0.93,0.02,0.2,0.02,15.99173982,1
0.06,-0.174721941,0.91,0.15,0.25,-0.47,17.42031724,1
0.08,-0.146863066,0.77,0.01,0.58,0.02,16.47895606,1
0.55,-0.144411201,0.99,0,0.3,-0.06,16.76497892,1
0.18,-0.147804724,0.87,0.01,0.25,0.01,16.8493357,1
0.2,-0.149599205,0.78,0.22,0.17,0.09,16.48040577,1
0.33,-0.14490868,0.81,0.18,0.2,-0.02,16.62884833,1
0.04,-0.157292377,1.05,0.17,-0.15,-0.55,15.94543773,1
0.06,-0.148213368,0.9,0.07,0,-0.05,16.58791401,1
0.15,-0.135705302,0.45,0.34,0.22,-0.04,19.48747062,1
0.23,-0.147698121,0.8,0.11,0.22,0.03,15.93645386,1
0.43,-0.14801793,0.83,0.01,0.2,-0.41,15.92717337,1
0.61,-0.19970254,0.35,0.05,0.35,-0.13,16.07712229,1
0.09,-0.149421534,0.88,0.3,0.7,0,16.09372919,1
0.23,-0.150416494,0.66,0.06,0.26,-0.12,19.37349815,1
0.13,-0.139809511,0.81,0.13,0.45,0.07,16.56998521,1
0.14,-0.153134866,0.76,0.05,0.02,-0.2,17.34732325,1
0.03,-0.170599965,0.99,0.23,-0.11,-1.68,16.0244352,1
0.19,-0.153756716,0.81,0.14,-0.01,-0.12,16.67562412,1
0.3,-0.145921407,0.73,0,0.3,0.14,15.95365547,1
0.41,-0.149297164,0.74,0.07,0.18,0.13,15.98570726,1
0.23,-0.148319971,0.87,0.04,0.33,0.03,16.27925315,1
0.09,-0.150825138,0.83,0.01,0.2,0,16.00228809,1
0.3,-0.146543257,0.71,0.07,0.22,0.18,15.97399431,1
0.03,-0.144357899,0.8,0.1,0.67,0.05,16.93745892,1
0.53,-0.147982396,0.98,0.11,0.22,-0.09,16.09808119,1
0.22,-0.144286831,0.82,0.06,0.24,-0.14,16.56447728,1
0.07,-0.147929094,1.08,0.01,0.51,-0.17,16.10333495,1
0.07,-0.145175188,0.88,0.01,1.13,0.01,16.0289481,1
0.5,-0.144837612,0.81,0.03,0.27,0.03,16.00735547,1
0.44,-0.14124865,0.6,0.02,0.43,0.19,17.13512829,1
0.16,-0.150061151,0.64,0.37,0.09,0,16.89353482,1
0.06,-0.152672921,0.95,0.15,-0.4,-0.19,19.4455029,1
0.13,-0.148319971,0.83,0,0.22,0.08,15.9103332,1
0.06,-0.146632093,0.99,0.14,0.38,-0.1,16.49771898,1
0.91,-0.14664986,0.78,0,0.33,0.15,16.65132111,1
0.2,-0.157541117,1.1,0.07,0.04,-0.22,16.51990575,1
0.11,-0.146791997,0.79,0.05,0.25,0.05,16.57612993,1
0.18,-0.143540611,0.59,0.14,0.27,0.08,17.32831497,1
0.27,-0.14553053,0.88,0,0.31,0.03,16.86260825,1
0.08,-0.150718535,0.82,0.06,0.23,0.06,17.63886194,1
0.67,-0.152797291,0.99,0,0,-0.15,16.54910205,1
0.02,-0.146703162,0.7,0.01,0.33,0.24,17.57586757,1
0.43,-0.151091645,0.76,0.04,0.17,-0.03,16.9439492,1
0.37,-0.14963474,0.99,0.01,0.17,-0.21,17.44649503,1
0.17,-0.160632599,0.89,0.02,0.11,-0.02,17.53554681,1
0.14,-0.145992476,1.03,0.08,0.47,-0.3,16.50269041,1
0.06,-0.146294517,0.97,0.01,0.5,-0.23,16.09844952,1
0.27,-0.156954801,0.95,0.13,0.19,-0.72,17.26870793,1
0.9,-0.152335345,0.8,0.03,0.08,0.13,16.54158586,1
0.05,-0.149314931,0.72,0.12,0.32,0.23,17.19208124,1
0.24,-0.147662587,0.77,0.29,0.28,0.1,18.07764264,1
0.35,-0.148213368,0.96,0.01,0.34,-0.29,16.03436039,1
0.2,-0.144997516,0.78,0.04,0.29,0.07,16.62707712,1
0.09,-0.165980508,0.9,0.14,-0.29,-0.5,15.94430175,1
0.1,-0.101201517,0.66,0.01,1.5,0.34,18.39957624,1
0.13,-0.146578792,0.15,0,0.13,0.38,16.34625429,1
0.3,-0.144642173,0.64,0.04,0.49,0.12,16.84623259,1
0.29,-0.147946861,0.76,0,0.19,0.02,16.72788981,1
0.34,-0.146241216,0.9,0,0.3,0.01,16.77495538,1
0.15,-0.146134613,0.56,0.09,0.31,0.02,20.4125131,1
0.08,-0.151873399,0.45,0.18,0.2,-0.71,17.68401769,1
0.14,-0.154271963,0.86,0.04,-0.04,-0.19,16.75884061,1
0.1,-0.144162461,0.51,0.05,0.65,0.01,21.05238935,1
0.09,-0.151766796,0.83,0.02,0.05,-0.67,17.35606409,1
0.13,-0.112536952,0.41,0.07,0.73,0.41,18.84874688,1
0.18,-0.148586478,0.79,0.5,0.39,-0.11,18.1465114,1
0.28,-0.145459462,0.75,0.06,0.34,0.01,17.12364531,1
0.08,-0.1468986,1.09,0.02,0.41,-0.31,16.92243446,1
0.19,-0.149865712,0.94,0.02,0.33,-0.11,16.5389351,1
0.18,-0.149865712,0.89,0.16,0.12,-0.06,16.80256811,1
0.22,-0.147467149,0.67,0.18,0.29,0.29,16.48619584,1
0.07,-0.152228742,1.51,0.13,0.05,-1.14,17.00572852,1
0.82,-0.146969669,0.74,0.17,0.11,0.11,18.01510827,1
0.04,-0.14727171,0.86,0.09,0.23,-0.01,16.31975388,1
0.46,-0.148906287,0.92,0,0.19,0,16.24535568,1
0.43,-0.145548297,0.72,0.03,0.18,0.07,17.25487537,1
0.03,-0.133395574,0.66,0.13,0.47,0.26,17.47853196,1
0.19,-0.149421534,0.91,0.19,0.08,0.01,16.67322539,1
0.18,-0.138228236,0.8,0.24,0.58,0.06,17.1582538,1
0.28,-0.152903893,0.52,0.07,0.07,-0.04,16.92101874,1
0.16,-0.14515742,0.54,0.23,0.17,0.11,17.02806971,1
0.15,-0.150949508,0.89,0.14,0.04,-0.34,17.03801336,1
0.03,-0.152388646,1.4,0.11,0.11,-0.59,17.91798845,1
0.38,-0.149847945,0.8,0.01,0.11,0,17.1450107,1
0.04,-0.150558631,0.96,0.1,0.24,-0.11,20.5912472,1
0.28,-0.146418887,0.6,0.51,0.18,0.1,19.24495252,1
0.02,-0.150078918,0.89,0.56,0.16,-0.01,17.57498293,1
0.05,-0.070215625,0.51,0.08,0.37,0.44,16.38084238,1
0.3,-0.144961982,0.74,0.04,0.29,-0.1,17.77516721,1
0,-0.147094039,0.93,0.01,0.08,-0.08,16.69113855,1
0.23,-0.151535824,0.72,0.05,0.11,0,16.69214016,1
0.01,-0.147094039,0.66,0.12,0.2,0.01,18.96971685,1
0.48,-0.154467402,0.89,0.19,0.13,-0.44,17.80655167,1
0.19,-0.146507723,0.97,0.1,0.31,-0.18,17.07087147,1
0.06,-0.151358152,0.99,0.02,0.16,-0.13,17.370287,1
0.12,-0.142741089,0.5,0.55,0.19,0.3,17.20449652,1
0.08,-0.141550691,0.86,0.08,0.36,0,17.15228479,1
0.12,-0.161982902,0.69,0.13,-0.1,-0.12,16.78939484,1
0.01,-0.143913721,0.88,0.38,1.45,-0.08,17.40818592,1
0.01,-0.164559137,0.59,0.28,-0.05,-0.07,16.96844613,1
0.2,-0.151518056,1.49,0.55,0.2,-1.41,17.11273032,1
0.05,-0.144038091,0.66,0.19,0.32,0.16,16.74459296,1
0.27,-0.155586731,0.89,0.33,0.07,-0.49,17.70426326,1
0.07,-0.146987436,0.91,0.17,0.47,0,16.3421412,1
0.2,-0.150913974,1.04,0.04,0.11,-0.1,15.91225786,1
0.35,-0.148213368,0.95,0.01,0.21,-0.21,16.33613371,1
0.16,-0.147449381,0.76,0.31,0.15,-0.03,17.36532189,1
0.28,-0.143469542,0.59,0.19,0.22,0.06,18.48546262,1
0.05,-0.147289477,1.04,0.36,0.35,-0.17,16.37520807,1
0.34,-0.147484916,0.74,0.32,0.18,0.17,16.25621668,1
0.12,-0.146330052,0.95,0,0.14,0.01,16.25721408,1
0.07,-0.144251296,0.8,0.01,0.32,0.06,16.52218808,1
0.05,-0.148870753,0.8,0.07,0.12,0.03,15.97574399,1
0.56,-0.154360799,0.51,0.29,0.12,-0.23,16.52580557,1
0.09,-0.152033304,0.87,0.06,0.26,0.08,16.05229169,1
0.12,-0.142989829,0.85,0.08,0.48,0.01,18.02595413,1
0.67,-0.148906287,0.67,0.03,0.11,0,16.10500028,1
0.24,-0.146472189,0.72,0.03,0.28,0.12,16.37752307,1
0.09,-0.128065432,0.65,0.14,0.9,0.21,17.1845045,1
0.29,-0.148302204,0.86,0,0.17,0.02,16.74853597,1
0.12,-0.142119239,0.71,0.26,0.29,0.13,16.25738687,1
0.31,-0.145512763,0.85,0,0.29,0.05,16.26776677,1
0.13,-0.144215762,0.72,0.09,0.38,0.14,16.51482216,1
0.17,-0.181899866,1.49,0.09,-0.09,-0.59,16.28723647,1
0.16,-0.148071231,0.98,0.05,0.35,-0.23,16.84700218,1
0.12,-0.151873399,0.76,0.16,0.02,0.11,17.61124237,1
0.03,-0.14124865,0.7,0.05,0.53,0.19,16.51714972,1
0.01,-0.14677423,0.85,0.08,0.8,-0.06,16.27457165,1
0.37,-0.152157673,1.19,0.17,0.3,-0.6,16.49147982,1
0.34,-0.151340385,0.75,0.02,0.41,-0.01,15.92212943,1
0.05,-0.148319971,0.7,0.15,0.69,0.18,17.04781947,1
0.34,-0.145956942,0.74,0.24,0.29,0.26,17.30073982,1
0.4,-0.145708202,0.93,0.02,0.1,-0.09,16.91092675,1
0.05,-0.141568458,0.96,0.02,0.47,-0.07,16.41780557,1
0.12,-0.15640402,0.97,0.02,-0.07,-0.78,16.25539552,1
0.38,-0.148977355,0.67,0.02,0.16,0.02,17.53784826,1
0.28,-0.144588872,0.47,0.47,0.22,0.21,17.98813409,1
0.11,-0.14839104,0.99,0.21,0.23,-0.1,16.26045751,1
0.28,-0.14664986,0.97,0.02,0.48,-0.18,16.21089149,1
0.77,-0.150789604,0.92,0,0.12,-0.19,16.15029853,1
0.39,-0.150931741,0.8,0.04,0.08,-0.25,17.80036479,1
0.12,-0.163741849,1.08,0.02,-0.4,-0.24,16.78249741,1
0.01,-0.156937034,0.68,0.12,0.29,-1.13,16.92131089,1
0.08,-0.176623025,0.6,0.29,-0.16,-0.81,17.19580087,1
0.39,-0.143114199,0.83,0.08,0.24,0.08,16.54262102,1
0.39,-0.146063545,0.76,0.02,0.3,-0.05,16.14379926,1
0.19,-0.145939175,0.83,0.17,0.97,0.05,16.28335582,1
0.47,-0.151287084,0.9,0,0.22,-0.93,15.97552501,1
0.48,-0.151340385,0.77,0.15,0.43,-0.48,16.16447281,1
0.24,-0.145619366,0.94,0,0.53,-0.27,15.91481196,1
0.2,-0.1468986,0.83,0.05,0.57,-0.21,19.22505593,1
0.06,-0.152157673,0.52,0.01,0.23,-0.16,17.64470682,1
0.14,-0.14951037,0.8,0.02,0.11,-0.09,16.48126838,1
0.39,-0.15025659,0.95,0,0.21,-0.15,16.55352039,1
0.72,-0.14752045,0.76,0.02,0.15,0.15,16.71637711,1
0.19,-0.144961982,0.89,0.08,0.43,0.02,16.88399782,1
0.06,-0.155213622,1.14,0.03,0.18,-0.15,15.99262086,1
0.08,-0.144197995,0.81,0.1,0.34,0.1,16.57060775,1
0.01,-0.144731009,0.87,0.02,0.15,0.04,17.71968936,1
0.07,-0.146241216,0.89,0,0.19,0.02,17.0524944,1
0.13,-0.146045777,0.68,0.13,0.25,0.16,15.92606213,1
0,-0.14851541,0.92,0.07,0.11,-0.02,16.54277282,1
0.09,-0.150114452,0.51,0.15,0.29,0.15,16.66494463,1
0.17,-0.149297164,0.79,0.01,0.4,-0.01,16.27277182,1
0.06,-0.145601599,0.75,0.1,0.32,0.14,16.2842111,1
0.16,-0.149368233,0.81,0.2,0.17,0.01,16.72391731,1
0.09,-0.143238569,1.1,0.15,0.48,-0.23,16.53599414,1
0.54,-0.146258983,0.63,0.16,0.39,0.04,16.75410343,1
0.12,-0.143060898,0.92,0.02,0.22,0.02,16.57391218,1
1.12,-0.154449635,1.2,0.05,-0.09,-0.58,17.08146667,1
0.34,-0.14975911,0.96,0.1,0.18,-0.2,16.07725022,1
0.13,-0.14640112,0.95,0.09,0.29,-0.06,17.01072394,1
0.22,-0.147609286,0.56,0.23,0.3,-0.01,17.05465933,1
0.02,-0.139365333,0.79,0.04,0.26,-0.03,15.94029167,1
0.14,-0.126324252,0.45,0.04,0.95,0.29,17.29370392,1
0.02,-0.153223702,0.73,0.23,0.21,-0.33,15.97822593,1
0.11,-0.151269316,0.98,0.13,0.52,-0.11,16.5428696,1
0,-0.151713495,0.8,0.05,0.24,0.16,15.97241197,1
0.4,-0.144464502,0.8,0.05,0.29,-0.01,16.20773862,1
0.23,-0.155195854,0.89,0.07,0.55,-0.17,17.24305609,1
0.97,-0.149279397,0.72,0.05,0.11,-0.13,16.46667544,1
0.74,-0.149616972,0.87,0.05,0.38,-0.07,16.0739289,1
0.11,-0.15379225,0.69,0.53,0.19,0.14,16.801462,1
0.08,-0.1531704,0.79,0.17,0.33,-0.25,16.73114116,1
0.05,-0.145814805,0.8,0.01,0.26,0.08,17.626632,1
0.29,-0.149350465,0.9,0.02,0.21,-0.09,15.96799122,1
0.14,-0.14503305,0.67,0,0.66,0.18,16.30558525,1
0.4,-0.151251549,0.82,0.2,0.17,-0.06,17.27660643,1
0.07,-0.150309891,1.15,0.07,0.08,-0.2,16.80843279,1
0.15,-0.149563671,1.09,0.06,0.17,-0.17,16.66578847,1
0.05,-0.153952155,1.09,0.17,0.24,-0.71,17.47118423,1
0.45,-0.148231136,0.99,0.01,0.2,-0.12,16.5536534,1
0.49,-0.151624659,0.93,0,0.03,-0.03,16.3644388,1
0.27,-0.147911327,0.98,0.02,0.26,-0.39,16.11946751,1
0.22,-0.147609286,0.81,0.13,0.23,0.12,16.50957799,1
0.07,-0.148160067,0.96,0.02,0.27,-0.23,16.25739801,1
